droga,tokens_composicion,cantidad_productos,marcas_ejemplo,conflicto_existente,atc,clases_terapeuticas
ibuprofeno,ibuprofeno,90,"ACTRON GEL, ACTRON MUJER RAPIDA ACCIO, COPIRON 4%","clases en disputa: {'Aparato Locomotor: Antiinflamatorios no Esteroides\nPiel y Mucosas: Antiinflamatorios Analgésicos Tópicos\nSistema Nervioso Central: Analgésicos Antitérmicos': 3, 'Aparato Locomotor: Antiinflamatorios no Esteroides\nSistema Nervioso Central: Analgésicos Antitérmicos': 48, 'Aparato Locomotor: Analgésico\nAparato Locomotor: Antiinflamatorios no Esteroides': 5}",,
carvedilol,carvedilol,57,"ANTIBLOC 12.5, ANTIBLOC 25, ANTIBLOC 6.25","clases en disputa: {'Aparato Circulatorio: Antianginosos\nAparato Circulatorio: Antihipertensivos\nAparato Circulatorio: Tratamiento Insuficiencia Cardíaca Congestiva': 4, 'Aparato Circulatorio: Antianginosos\nAparato Circulatorio: Antihipertensivos': 31, 'Aparato Circulatorio: Antihipertensivos': 26, 'Aparato Circulatorio: Antianginosos\nAparato Circulatorio: Antiarrítmicos': 3}",,
pregabalina,pregabalina,55,"DOLONEUTIN, DOLONEUTIN PRACTIDOSIS, GABADOL","clases en disputa: {'Sistema Nervioso Central: Anticonvulsivantes Antiepilépticos': 55, 'Sistema Nervioso Central: Antidepresivos': 2}",,
etoricoxib,etoricoxib,47,"CRACOX 120, CRACOX 60, CRACOX 90","clases en disputa: {'Aparato Locomotor: Antiartrósicos\nAparato Locomotor: Antiinflamatorios no Esteroides\nAparato Locomotor: Antirreumáticos Antiartríticos': 36, 'Aparato Locomotor: Analgésico\nAparato Locomotor: Antiinflamatorios no Esteroides': 8, 'Aparato Locomotor: Antiinflamatorios no Esteroides\nAparato Locomotor: Antirreumáticos Antiartríticos': 4}",,
paracetamol,paracetamol,46,"ANAFLEX, ANAFLEX FORTE, FIEBROLEX FORTE","atc en disputa: {'R05CB10': 1, 'N02BE01': 30} | clases en disputa: {'Otorrinolaringológicos: Descongestivos Nasales Antialérgicos': 1, 'Aparato Locomotor: Antiinflamatorios no Esteroides\nSistema Nervioso Central: Analgésicos Antitérmicos': 33, 'Sistema Nervioso Central: Analgésicos Antitérmicos': 4, 'Aparato Locomotor: Analgésico\nSistema Nervioso Central: Analgésicos Antitérmicos': 1}",,
diclofenac sódico,diclofenac sodico,42,"ACLOXIGENAC, ACLOXIGENAC LP, ANAFLEX",,,
"amoxicilina, clavulánico,ác.",ac. + amoxicilina + clavulanico,33,"AMIXEN CLAVULANICO 1 G, AMOXI PLUS MAR, AMOXICILINA CLAVULANICO F500/125 mg",,,
esomeprazol,esomeprazol,33,"ADIKAN, DATISAN, ESOMEPRA 20 MG","clases en disputa: {'Aparato Digestivo: Antiulcerosos': 21, 'Aparato Digestivo: Antiulcerosos\nAparato Digestivo: Antiácidos': 7, 'Aparato Digestivo: Antiácidos': 3, 'Aparato Digestivo: Antiinflamatorios Intestinales\nAparato Digestivo: Antiulcerosos': 3}",,
sertralina,sertralina,33,"ATENIX, DIMENA, INSERTEC 100","clases en disputa: {'Sistema Nervioso Central: Antipsicóticos Neurolépticos': 2, 'Sistema Nervioso Central: Antidepresivos': 13}",,
tadalafilo,tadalafilo,32,"ALMAXIMO 36, CIALIS 20, CIALIS 5","clases en disputa: {'Aparato Genito-Urinario: Terapéutica Prostática\nAparato Genito-Urinario: Tratamiento de Disfunciones Sexuales': 8, 'Aparato Genito-Urinario: Tratamiento de Disfunciones Sexuales': 23, 'Aparato Circulatorio: Antihipertensivos\nAparato Genito-Urinario: Tratamiento de Disfunciones Sexuales': 5, 'Aparato Genito-Urinario: Terapéutica Prostática': 1}",,
diclofenac potásico,diclofenac potasico,29,"ARTROSTOP T CALIENTE, BEFOL VL, DICLOFENAC POTASICO CEVAL",,,
eritropoyetina recombinante humana,eritropoyetina recombinante humana,23,"EPOGEN, HEMASTIM P, HEMASTIM P JP",,,
olanzapina,olanzapina,23,"OLANZANOVA, OLANZAPINA  ROSPAW, OLANZAPINA TEVA","clases en disputa: {'Sistema Nervioso Central: Analgésicos Narcóticos': 4, 'Sistema Nervioso Central: Antipsicótico': 8, 'Sistema Nervioso Central: Antipsicóticos Neurolépticos': 10}",,
"diclofenac potásico, paracetamol",diclofenac potasico + paracetamol,22,"ARIFLENAC FORTE, ARTRO RED, ARTROSTOP FORTE CALIENTE",,,
valsartán,valsartan,22,"ALPERTAN, DIAPRESAN 160, DIAPRESAN 320","atc en disputa: {'C09CA03': 42, 'C09DA03': 2}",,
budesonide,budesonide,21,"AEROVENT, AEROVENT E, AEROVIAL HFA",,,
"diclofenac, vit.b12, betametas",betametas + diclofenac + vit.b12,21,"BEFOL B12 FORTE, BLOKIUM B12 IM, DIASTONE B12",,,
"fólico,ác.",ac. + folico,21,"ACIDO FOLICO RICHMOND, ACIDO FOLICO VANNIER, ACIFOL",,,
soluc.parent/fisiol/glucos/otr,soluc.parent/fisiol/glucos/otr,21,"ADITIVOS PARENTERALES, AGUA DESTILADA INYECTABLE, SMOFLIPID 20% 500 ML",,,
"lurasidona,clorhidrato",clorhidrato + lurasidona,19,"KYTZAN 20, KYTZAN 40, KYTZAN 80",,,
azitromicina,azitromicina,18,"AZITROGAL, AZITROMICINA 500, AZITROX","clases en disputa: {'Antiinfecciosos de Uso Sistémico: Antibióticos: Macrólidos': 43, 'Antiinfecciosos de Uso Sistémico: Antibióticos: Amfenicoles': 2}",,
diclofenac dietilamina,diclofenac dietilamina,18,"ALGICLER GEL DERMICO, ANAFLEX, ARTROSTOP GEL NUEVO",,,
nebivolol,nebivolol,18,"CORPRES 10, CORPRES 2.5, NABILA","clases en disputa: {'Aparato Circulatorio: Antihipertensivos': 16, 'Aparato Circulatorio: Vasodilatadores Centrales y Periféricos': 5}",,
ponatinib,ponatinib,18,"BIOPONIB, CATZEN, ICLUSIG",,,
"vit.a, alantoína, asoc.",alantoina + asoc. + vit.a,18,"BAGOVIT AE, DERMACLER EMULSION, DERMAGLOS",,,
"sulfadiazina de plata, asoc.",asoc. + sulfadiazina de plata,17,"FISIODERM, HIPOGLOS Q, PLATSUL-A AEROSOL",,,
axitinib,axitinib,16,"ALUXANTIB, AXINOVA, AXITIM","clases en disputa: {'Oncológicos y Terapias Relacionadas: Antibióticos Antineoplásicos': 4, 'Oncológicos y Terapias Relacionadas: Citostáticos Antineoplásicos': 2}",,
insulina humana,insulina humana,16,"BIOINSUGEN R, DENSULIN REGULAR, INSULINA DENSULIN N",,,
sunitinib,sunitinib,16,"PROREN 12.5, PROREN 25, PROREN 50",,,
temozolomida,temozolomida,16,"DRALITEM, KEMTAX, TEMONOVA 100","clases en disputa: {'Oncológicos y Terapias Relacionadas: Citostáticos Antineoplásicos': 9, 'Oncológicos y Terapias Relacionadas: Coadyuvantes en Terapias Citostáticas': 4}",,
trimebutina,trimebutina,16,"BIORGAN, BIORGAN AP, COLIXANE 200","clases en disputa: {'Aparato Digestivo: Procinéticos Gastrointestinales': 1, 'Aparato Digestivo: Antiespasmódicos Anticolinérgicos': 8}",,
bromhexina,bromhexina,15,"BISOLVON ADULTO JARABE NF, BROMHEXINA GEZZI, BROMHEXINA GEZZI PEDIATRI","atc en disputa: {'R05CB02': 12, 'R05CB': 2, 'R05CA': 1}",,
"budesonide, formoterol",budesonide + formoterol,15,"BUDEFOR 200, BUDEFOR 400, FORMOVENT + BUDE",,,
"diclofenac, pridinol",diclofenac + pridinol,15,"ACLOXIGENAC PLUS, DIOXAFLEX CB PLUS, DIOXAFLEX PLUS","clases en disputa: {'Aparato Locomotor: Analgésico\nAparato Locomotor: Antiartrósicos\nAparato Locomotor: Relajantes Musculares': 1, 'Aparato Locomotor: Antiinflamatorios no Esteroides\nAparato Locomotor: Relajantes Musculares': 12}",,
metronidazol,metronidazol,15,"FLAGYL, METRAL, METRONIDAZOL VANNIER","clases en disputa: {'Piel y Mucosas: Antibacterianos Tópicos\nPiel y Mucosas: Antimicóticos Tópicos': 3, 'Piel y Mucosas: Antimicóticos Tópicos': 1, 'Antiinfecciosos de Uso Sistémico: Antibacterianos': 9, 'Antiinfecciosos de Uso Sistémico: Antiprotozoarios': 4, 'Antiinfecciosos de Uso Sistémico: Antiprotozoarios\nAparato Genito-Urinario: Antiinfecciosos de Acción Local\nAparato Genito-Urinario: Antimicóticos de Acción Local': 2, 'Aparato Genito-Urinario: Antiinfecciosos de Acción Local\nAparato Genito-Urinario: Antimicóticos de Acción Local\nPiel y Mucosas: Antialérgicos Tópicos Antipruriginosos\nPiel y Mucosas: Antibacterianos Tópicos\nPiel y Mucosas: Antibacterianos Tópicos con Corticoesteroides': 1}",,
clobetasol,clobetasol,14,"CLOBEFAR CREMA, CLOBEFAR UNGUENTO, DERMEXANE","clases en disputa: {'Piel y Mucosas: Antialérgicos Tópicos Antipruriginosos': 22, 'Piel y Mucosas: Antisépticos Desinfectantes\nPiel y Mucosas: Reconstituyentes Dérmicos Cicatrizantes': 1}",,
eritromicina,eritromicina,14,"ERI LOCION, ERISOL, ERIT BIOQUIM","clases en disputa: {'Antiinfecciosos de Uso Sistémico: Antibióticos: Macrólidos': 2, 'Oftálmicos: Antiinfecciosos': 2, 'Piel y Mucosas: Antiacneicos\nPiel y Mucosas: Antibacterianos Tópicos': 1}",,
fsh,fsh,14,"FOLITIME, GONAL-F 2.0 300 UI, GONAL-F 2.0 450 UI",,,
nilotinib,nilotinib,14,"HENILOT, LINOTAX, NILOTINIB ECZANE","clases en disputa: {'Oncológicos y Terapias Relacionadas: Citostáticos Antineoplásicos': 2, 'Oncológicos y Terapias Relacionadas: Otros Agentes Antineoplásicos': 3}",,
nimodipina,nimodipina,14,"ACIVAL, EXPLANER 60, MACOBAL 30 MG",,,
vit.d3,vit.d3,14,"DEBLAX, DENURIX D3, DEVISAL CB 20000",,,
azacitidina,azacitidina,13,"AMILIX, AZAMEX, AZANOVA","clases en disputa: {'Oncológicos y Terapias Relacionadas: Citostáticos Antineoplásicos': 3, 'Oncológicos y Terapias Relacionadas: Otros Agentes Antineoplásicos': 1}",,
"diosmina, hesperidina micronizada",diosmina + hesperidina micronizada,13,"ATUREN, CVP FLEBO, DIOSMIN 1000",,,
naproxeno,naproxeno,13,"MOX 500, NAPROQUIN, NAPROXENO VANNIER","clases en disputa: {'Aparato Locomotor: Antiinflamatorios no Esteroides\nAparato Locomotor: Antirreumáticos Antiartríticos': 9, 'Aparato Locomotor: Antiinflamatorios no Esteroides\nSistema Nervioso Central: Analgésicos Antitérmicos': 7, 'Aparato Locomotor: Antiinflamatorios no Esteroides': 1, 'Antiinfecciosos de Uso Sistémico: Antibióticos: Quinolonas': 1}",,
somatotrofina,somatotrofina,13,"HHT, HHT PEN, HUTROPE",,,
antígenos virus influenza,antigenos virus influenza,12,"AFLURIA QUAD, AFLURIA QUAD JUNIOR, AGRIPPAL S1",,,
dapagliflozina,dapagliflozina,12,"DACTILUS, DAURAN, DONSYBA","atc en disputa: {'A10BK01': 3, 'A10BD15': 2}",,
imatinib,imatinib,12,"IMATIB, IMATINIB GP PHARM, IMATINOVA","clases en disputa: {'Oncológicos y Terapias Relacionadas: Otros Agentes Antineoplásicos': 9, 'Oncológicos y Terapias Relacionadas: Citostáticos Antineoplásicos': 2}",,
"paracetamol, fenilefrina, asoc",asoc + fenilefrina + paracetamol,12,"BIOGRIP TE DESCONGESTIVO, EXPECTOSAN ANTIGRIPAL, INMUNOGRIP PLUS",,,
"sodio,cloruro",cloruro + sodio,12,"AMUCHINA 100%, CLORHYP FQ, HYPERSOL","atc en disputa: {'S01XA': 2, 'S01XA03': 1, 'R01AX10': 1} | clases en disputa: {'Oftálmicos: Lubricantes': 2, 'Oftálmicos: Lubricantes Soluciones de Limpieza': 3, 'Aparato Respiratorio: Antitusivos Expectorantes Mucolíticos': 1}",,
"bendamustina,clorh.",bendamustina + clorh.,11,"BEMUX, BENDAM, BENDAVAR",,,
betametasona,betametasona,11,"BETACORT, BETACORT CASSARA, BETAVALMAX","atc en disputa: {'D07AC01': 9, 'H02AB01': 3}",,
clotrimazol,clotrimazol,11,"CLOTRIMAZOL GEZZI, DERTRIM, EMPECID GYNO 3 DIAS","atc en disputa: {'D01AC01': 13, 'A01AB18': 1} | clases en disputa: {'Piel y Mucosas: Antimicóticos Tópicos': 13, 'Aparato Genito-Urinario: Antimicóticos de Acción Local': 2}",,
dexametasona,dexametasona,11,"DECADRON, DECADRON AL, DEXAMETASONA","clases en disputa: {'Oftálmicos: Antiinflamatorios Antialérgicos': 2, 'Hormonoterápicos: Corticoesteroides': 19, 'Oftálmicos: Corticoesteroides': 1}",,
enoxaparina sódica,enoxaparina sodica,11,"ENOPARIN, ENOXANORTH, ENOXAPARINA CELTYC",,,
ketorolac trometamina,ketorolac trometamina,11,"DIROLAC SL, KETIAL, KETIAL RAPID",,,
"sitagliptina, metformina,clorh",clorh + metformina + sitagliptina,11,"ESLIPEL MET, SOTIL MET, SOTIL MET XR",,,
"sulfametoxazol, trimetoprima",sulfametoxazol + trimetoprima,11,"ADRENOL FORTE, BACTICEL, BACTRIM FORTE","clases en disputa: {'Antiinfecciosos de Uso Sistémico: Antibacterianos': 2, 'Antiinfecciosos de Uso Sistémico: Antibióticos: Sulfonamidas y Asociaciones': 7, 'Antiinfecciosos de Uso Sistémico: Antibióticos: Amfenicoles': 3}",,
terbinafina,terbinafina,11,"ANTIMICOTICO LAURIA PIEL, FUNGIMAX, LIKANA","atc en disputa: {'D01AE15\nD01BA02': 7, 'D01BA': 3, 'D01BA02': 2, 'D01AE15': 9}",,
"ursodesoxicólico,ác.",ac. + ursodesoxicolico,11,"DEXO, DEXO FORTE, URDECOLE",,,
anastrozol,anastrozol,10,"ANASKEBIR, ANASTROZOL ECZANE, ANASTROZOL GP PHARM","clases en disputa: {'Oncológicos y Terapias Relacionadas: Citostáticos Antineoplásicos': 5, 'Oncológicos y Terapias Relacionadas: Antiestrogénicos': 1}",,
capecitabina,capecitabina,10,"BODABINA, CAPECINOVA, CAPECITABINA GP PHARM","clases en disputa: {'Oncológicos y Terapias Relacionadas: Coadyuvantes en Terapias Citostáticas': 1, 'Oncológicos y Terapias Relacionadas: Citostáticos Antineoplásicos': 6}",,
memantine,memantine,10,"LUCIDEX, LUCIDEX XR, MEMANTINA TEVA","clases en disputa: {'Sistema Nervioso Central: Reactivadores Neurocerebrales': 6, 'Sistema Nervioso Central: Tratamiento de la Enfermedad de Alzheimer': 3}",,
peg 3350,peg 3350,10,"BAREX UNIPEG, LAX 3350, LUMENCOL 2F",,,
rifaximina,rifaximina,10,"RIFADOM, RIFAMAX","clases en disputa: {'Antiinfecciosos de Uso Sistémico: Antibióticos: Otros': 6, 'Aparato Digestivo: Antibacterianos Intestinales': 16}",,
"abiraterona,acetato",abiraterona + acetato,9,"ABIRANOVA, ABIRATERONA GLENMARK, BIRAT","clases en disputa: {'Hormonoterápicos: Androgenoterapia': 5, 'Oncológicos y Terapias Relacionadas: Citostáticos Antineoplásicos': 2}",,
"amlodipina, losartán,potásico",amlodipina + losartan + potasico,9,"ANTIPRESOL A 100, NITEN MAX 5/100, NITEN MAX 5/50",,,
"bario,sulfato",bario + sulfato,9,"BARIO DIF CITRATADO, E Z CAT, GASTROPAQUE F",,,
bortezomib,bortezomib,9,"ACTIMIB, BORMIB, BORTEZOMIB EVEREX","clases en disputa: {'Oncológicos y Terapias Relacionadas: Citostáticos Antineoplásicos': 4, 'Oncológicos y Terapias Relacionadas: Otros Agentes Antineoplásicos': 2}",,
brexpiprazol,brexpiprazol,9,"BREMIDAN, BREXIL","clases en disputa: {'Sistema Nervioso Central: Antipsicótico': 5, 'Sistema Nervioso Central: Antipsicóticos Neurolépticos': 9}",,
buprenorfina,buprenorfina,9,"BIVALIS, BUPRIVA, RESTIVA",,,
ciprofloxacina,ciprofloxacina,9,"CIPROFLOXACINA HLB, CIPROFLOXACINA SANT GALL, CIPROFLOXACINA VANNIER","atc en disputa: {'J01MA02': 22, 'J01MA': 1, 'S01AE03': 5, 'S03AA': 1} | clases en disputa: {'Antiinfecciosos de Uso Sistémico: Antibióticos: Quinolonas': 21, 'Antiinfecciosos de Uso Sistémico: Antibióticos: Amfenicoles': 1, 'Oftálmicos: Antiinfecciosos': 5, 'Antiinfecciosos de Uso Sistémico: Antibióticos: Quinolonas\nAntiinfecciosos de Uso Sistémico: Antibióticos: Sulfonamidas y Asociaciones': 1, 'Oftálmicos: Antiinfecciosos\nOftálmicos: Antiinflamatorios Antialérgicos': 1}",,
clindamicina,clindamicina,9,"CLIDAN, CLIDAN 300, CLINDAMICINA DUNCAN","atc en disputa: {'J01FF01': 9, 'D10AF01': 3} | clases en disputa: {'Antiinfecciosos de Uso Sistémico: Antibióticos: Lincosamidas': 5, 'Piel y Mucosas: Antibacterianos Tópicos': 2, 'Antiinfecciosos de Uso Sistémico: Antibióticos: Otros\nAparato Genito-Urinario: Antiinfecciosos de Acción Local': 2, 'Piel y Mucosas: Antiacneicos': 2, 'Piel y Mucosas: Antiacneicos\nPiel y Mucosas: Antibacterianos Tópicos': 1}",,
"diclofenac sódico, paracetamol",diclofenac sodico + paracetamol,9,"A, DIOXAFLEX CB GESIC, NODOLERTE SABOR NARANJA (",,,
itopride,itopride,9,"AFLUSAN, DOMEKA, ITOPLUS","clases en disputa: {'Aparato Digestivo: Tratamiento de Trastornos Gastrointestinales': 1, 'Aparato Digestivo: Procinéticos Gastrointestinales': 2}",,
lisado bacteriano,lisado bacteriano,9,"BRONCHO-VAXOM ADULTOS, BRONCHO-VAXOM NI¥OS, OMMUNAL ADULTOS",,,
loperamida,loperamida,9,"LANSEKA, LOPERAMIDA VANNIER, LOPERAPID","clases en disputa: {'Aparato Digestivo: Antidiarreicos Reconstituyentes de la Flora': 10, 'Aparato Digestivo: Antidiarreico': 2}",,
"losartán, hidroclorotiazida",hidroclorotiazida + losartan,9,"LOCTENK D 100, PRESIMAX D, PRISONIL D","clases en disputa: {'Aparato Circulatorio: Antihipertensivos\nAparato Genito-Urinario: Diuréticos': 21, 'Aparato Circulatorio: Antihipertensivos\nAparato Circulatorio: Vasorreguladores': 1}",,
minoxidil,minoxidil,9,"ANAGEN 5%, CAPILEX, COMBINATER","atc en disputa: {'D11AX': 3, 'D11AX01': 5} | clases en disputa: {'Aparato Circulatorio: Antihipertensivos': 3, 'Piel y Mucosas: Regeneradores Capilares Antialopécicos': 5}",,
"retinoico,ác.",ac. + retinoico,9,"A ACIDO, A ACIDO EMOLIENTE, A ACIDO VITAL",,,
simvastatin,simvastatin,9,"GEMISTATIN 10, GEMISTATIN 20, REDUSTEROL",,,
"sodio,divalproato",divalproato + sodio,9,"DIVALPREX ER, EXIBRAL, FLAXVAN 500",,,
vinorelbine,vinorelbine,9,"NAVELBINE, NAVELBINE ORAL, VINKEBIR",,,
"zoledrónico,ác.",ac. + zoledronico,9,"ACIDO ZOLEDRONICO IMA, ACLASTA, DREICO",,,
"acetilsalicílico,ác.",ac. + acetilsalicilico,8,"ASPIRINA 100 VENT-3, ASPIRINA 500 VENT-3, ASPIRINA CARDIO VENT-3",,,
drospirenona,drospirenona,8,"FUCSIA SIN ESTROGENOS, IFENIL FREE, ISIS FREE SIN ESTROGENOS",,,
"empagliflozina, metformina clorhidrato",empagliflozina + metformina clorhidrato,8,"EMPAX  MET, SAGLOX MET",,,
factor viii de coagulación recombinante,factor viii de coagulacion recombinante,8,"KOVALTRY, NOVOEIGHT 1000UI, NOVOEIGHT 500UI",,,
"glimepiride, metformina",glimepiride + metformina,8,"ENDIAL MET 2, ENDIAL MET 4, GLEMAZ MET 2/1000",,,
hidrocortisona,hidrocortisona,8,"ALFACORT, DEMACORT, HIDROTISONA","clases en disputa: {'Piel y Mucosas: Antialérgicos Tópicos Antipruriginosos': 12, 'Hormonoterápicos: Corticoesteroides': 3}",,
"ibandrónico,ác.",ac. + ibandronico,8,"ADROMUX, BONVIVA, IDENA",,,
lenvatinib,lenvatinib,8,"LENVATIB, LENVATINIB ECZANE, LODATIR",,,
"levodopa, carbidopa, entacapona",carbidopa + entacapona + levodopa,8,"STALEVO 100, STALEVO 125, STALEVO 150",,,
mometasona furoato,mometasona furoato,8,"FENISONA, METASON NASAL MINI, NASONEX MINI",,,
nicotina,nicotina,8,"NICOTINELL GUMS, NICOTINELL LOZENGE, NICOTINELL TTS 10",,,
solifenacina,solifenacina,8,"SOLFACINA, SOLICINA, SOLIFENACINA TEVA","clases en disputa: {'Aparato Genito-Urinario: Antiespasmódicos Antiinflamatorios': 8, 'Aparato Genito-Urinario: Tratamiento de la Cistitis Intersticial': 4, 'Aparato Genito-Urinario: Tratamiento de la Vejiga Hiperactiva': 2}",,
tofacitinib,tofacitinib,8,"JANVAX, KLAXON, MODISMUNE","clases en disputa: {'Aparato Locomotor: Antiartrósicos': 5, 'Aparato Locomotor: Antirreumáticos Antiartríticos': 1}",,
"ezetimibe, simvastatin",ezetimibe + simvastatin,7,"COLEFLUX DUO, REDUSTEROL DUO",,,
insulina aspártica,insulina aspartica,7,"DENSURAPID, INSULINA FIASP FLEXTOUCH100 UI LAPIC.X 5 X, INSULINA FIASP PENFILL",,,
insulina glargina,insulina glargina,7,"BASALOG, INSULINA BASAGLAR KWIKPEN, INSULINA DENSULENT",,,
iodopovidona,iodopovidona,7,"ASEPLUS IODOPOVIDONA, DG-6 POVIDONA IODO, IODOMED","clases en disputa: {'Piel y Mucosas: Antisépticos Desinfectantes': 5, 'Otorrinolaringológicos: Productos de Uso Bucofaríngeo\nPiel y Mucosas: Antisépticos Desinfectantes\nPiel y Mucosas: Higiene Capilar': 7, 'Oftálmicos: Antiinfecciosos': 1}",,
ketoconazol,ketoconazol,7,"EUMICEL, EUMICEL COLAGENO, FITONAL","atc en disputa: {'D01AC08': 7, 'J02AB02': 1, 'G01AF11': 1} | clases en disputa: {'Piel y Mucosas: Antimicóticos Tópicos': 6, 'Antiinfecciosos de Uso Sistémico: Antimicóticos': 1, 'Aparato Genito-Urinario: Antimicóticos de Acción Local': 1, 'Piel y Mucosas: Antiseborreicos Productos Anticaspa': 1}",,
"levonorgestrel, etinilestradio",etinilestradio + levonorgestrel,7,"ANUBIS, CRETRADIOL, DOS DIAS N",,,
"paracetamol, pseudoefedrina, asoc.",asoc. + paracetamol + pseudoefedrina,7,"PARACETAMOL GRIP NF, PREDUAL, PULMONIX GRIP JARABE",,,
pemetrexed,pemetrexed,7,"EKEL, MARTXEL, PEMETREXED GP PHARM","clases en disputa: {'Oncológicos y Terapias Relacionadas: Citostáticos Antineoplásicos': 5, 'Oncológicos y Terapias Relacionadas: Otros Agentes Antineoplásicos': 1}",,
"salicílico,ác., asoc.",ac. + asoc. + salicilico,7,"ACNOXIN, CALLICIDA LAURIA FORTE, RATI SALIL FLEX",,,
"sodio,cloruro, asoc.",asoc. + cloruro + sodio,7,"COLIRIA LAGRIMAS, SALES P/REHIDRAT.ORAL OSM, SALES PARA REHIDRATACION",,,
tobramicina,tobramicina,7,"BELBARMICINA INL, TOBI, TOBI PODHALER","clases en disputa: {'Antiinfecciosos de Uso Sistémico: Antibióticos: Aminoglucósidos': 1, 'Antiinfecciosos de Uso Sistémico: Antibióticos: Otros': 1, 'Aparato Respiratorio: Tratamiento de la Fibrosis Quística': 2, 'Aparato Respiratorio: Antibióticos: Aminoglucósidos': 2, 'Oftálmicos: Antiinfecciosos': 1}",,
vit.d,vit.d,7,"DENURIX, GALFEROL 2400, GALFEROL 400",,,
antígeno hepatitis a,antigeno hepatitis a,6,"AVAXIM, AVAXIM 80 U PEDIATRICO, HAVRIX 1440 EL.U. ADULTOS",,,
biperideno,biperideno,6,"AKINETON, BIPERIDENO ROSPAW, BIPERIDENO VANNIER",,,
"condroitín,sulfato, glucosamin",condroitin + glucosamin + sulfato,6,"ASOTREX, GLUCO ARRUMALON DUO, GLUCOTRIN FORTE LIQUIDO",,,
congorosa,congorosa,6,NATUACID,,,
"diclofenac potásico, pridinol",diclofenac potasico + pridinol,6,"ALGICLER FLEX, DICLOMAR FLEX POTASICO, RODINAC FLEX K",,,
eplerenona,eplerenona,6,"ALDACTONE EP 25 MG, ALDACTONE EP 50 MG, LANX EP 25 MG","clases en disputa: {'Aparato Circulatorio: Tratamiento Insuficiencia Cardíaca Congestiva': 2, 'Aparato Circulatorio: Antihipertensivos': 11}",,
fingolimod,fingolimod,6,"BIOMONAR, EMULIMOD, FINGLID","clases en disputa: {'Oncológicos y Terapias Relacionadas: Otros Agentes Antineoplásicos': 4, 'Sistema Nervioso Central: Tratamiento de la Esclerosis': 1}",,
fluticasona,fluticasona,6,"DEXALERGIN CORT, FLIXONASE ACUOSO NASAL, FLUTICORT","atc en disputa: {'D07AC17': 13, 'R01AD12': 2} | clases en disputa: {'Aparato Respiratorio: Broncodilatadores Antiasmáticos': 9, 'Otorrinolaringológicos: Descongestivos Nasales Antialérgicos': 6}",,
glimepiride,glimepiride,6,"DIABUTIL 2 MG, DIABUTIL 4 MG, HIPOGLUT 2",,,
hidroclorotiazida,hidroclorotiazida,6,"DIURAL, DIUREX, KLORTIAZIDA","atc en disputa: {'C03AA03': 1, 'C09CA01': 3} | clases en disputa: {'Aparato Genito-Urinario: Diuréticos': 1, 'Aparato Circulatorio: Antihipertensivos': 3}",,
"hioscina,n-butilbr., paracetam",hioscina + n-butilbr. + paracetam,6,"BUSCAPINA COMPOSITUM N dispenser, BUSCAPINA DUO, TAFIROL ESPASMO",,,
iobitridol,iobitridol,6,"XENETIX 300, XENETIX 350",,,
lapatinib,lapatinib,6,"EDITAS, LAPANOVA, NOTISTIR",,,
"leuprolide,acetato",acetato + leuprolide,6,"ELIGARD 22.5 MG, ELIGARD 45 MG, LECTRUM 22.5 MG",,,
magnesio,magnesio,6,"MAGNEBE, TOTAL MAGNESIANO EFERVESC, TOTAL MAGNESIANO LIMON",,,
minociclina,minociclina,6,"DRENIX 100, DRENIX 100 AP, DRENIX 50","clases en disputa: {'Antiinfecciosos de Uso Sistémico: Antibióticos: Amfenicoles': 1, 'Antiinfecciosos de Uso Sistémico: Antibióticos: Tetraciclinas': 5}",,
"peg 3350, asoc.",asoc. + peg 3350,6,"BAREX 70, BAREX PLUS, BAREX S",,,
prucalopride,prucalopride,6,"DOSNE, PRUCACINET, RESOLIDE",,,
rivastigmina,rivastigmina,6,"EXELON PARCHES 10, EXELON PARCHES 15, EXELON PARCHES 5",,,
ropivacaina,ropivacaina,6,"NAROPIN, ROPI",,,
"valsartán, hidrocloroti., amlo",amlo + hidrocloroti. + valsartan,6,"DILCORAN PLUS D, NOSTER D",,,
"vit.b,complejo",complejo + vit.b,6,"BAGO B1 B6 B12, POLI B FUERTE, TANVIMIL B1 B6 B12",,,
vit.b12,vit.b12,6,"BEGAN 12, SL B12",,,
ambroxol,ambroxol,5,"BRONQUISEDAN NI¥OS, EXPECTOSAN TE CALIENTE, MUCOBRON","atc en disputa: {'R02AD05': 1, 'R05CB06': 1}",,
"amilo,salicilato, asoc.",amilo + asoc. + salicilato,5,"ATOMO DESINFLAMANTE AEROS, ATOMO DESINFLAMANTE CLASI, RATI SALIL CREMA",,,
ampicilina,ampicilina,5,"AMPICILINA HLB, TRIFACILINA",,,
bempedoico ác.,bempedoico ac.,5,"BEMPENAL, BENLIPID, BRIMEPIL 180",,,
ciclosporina p/microemulsión,ciclosporina p/microemulsion,5,SANDIMMUN NEORAL,,,
"clorhexidina, asoc.",asoc. + clorhexidina,5,"MERTHIOLATE NUEVA FORMULA, PERVINOX CLORHEXIDINA ALC",,,
dabigatrán,dabigatran,5,DABIDANE,,,
desmopresina acetato,desmopresina acetato,5,"DINADOM, EMOSINT 20",,,
"fenofíbrico,ác.",ac. + fenofibrico,5,"LIPOMAX, MINUSLIP XR, SERUBEL 135",,,
hedera helix,hedera helix,5,"CEDRIC JARABE, EXPECTOSAN PEDIATRICO, TAVINEX HEDERA","atc en disputa: {'R05CB': 2, 'R05CA12': 7}",,
"ibuprofeno, clorzoxazona",clorzoxazona + ibuprofeno,5,"FLEXINA 600, IBUPIRAC FLEX 600, IBUPIRAC FLEX CAPSULAS BL","clases en disputa: {'Aparato Locomotor: Antiinflamatorios no Esteroides\nSistema Nervioso Central: Analgésicos Antitérmicos': 3, 'Aparato Locomotor: Antiinflamatorios no Esteroides\nAparato Locomotor: Relajantes Musculares': 2}",,
idarrubicina,idarrubicina,5,"IDARRUBICINA 10 DOSA, IDARRUBICINA 5 DOSA, IDARUBICINA IMA",,,
interferón beta 1 a,interferon beta 1 a,5,"AVONEX PEN, BLASTOFERON 22MCG, BLASTOFERON 44MCG",,,
interferón beta 1 a sin albumi,interferon beta 1 a sin albumi,5,"INMUNOMAS NF, REBIF NF 44 MCG, REBIF NF MULTIDOSIS 22 MC",,,
irinotecan,irinotecan,5,"IRINOTECAN GP PHARM, IRINOTECAN IMA, IRINOTECAN KEMEX","clases en disputa: {'Oncológicos y Terapias Relacionadas: Citostáticos Antineoplásicos': 6, 'Oncológicos y Terapias Relacionadas: Otros Agentes Antineoplásicos': 1}",,
lidocaína,lidocaina,5,"LIDOCAINA JALEA, LIDOCAINA SPRAY, LIDOCAINA VISCOSA","atc en disputa: {'D04AB': 5, 'N01BB02': 2, 'D04AB01': 2, 'N01BB\nN01BB02': 2} | clases en disputa: {'Piel y Mucosas: Anestésicos Tópicos': 9, 'Soluciones Parenterales-Electrolitos-Solventes: Solventes/Soluciones para Nebulizar': 2}",,
meloxicam,meloxicam,5,"FLEXIDOL, FLEXIDOL CB","clases en disputa: {'Aparato Locomotor: Antiartrósicos\nAparato Locomotor: Antiinflamatorios no Esteroides\nAparato Locomotor: Antirreumáticos Antiartríticos': 2, 'Aparato Locomotor: Antiinflamatorios no Esteroides\nAparato Locomotor: Antirreumáticos Antiartríticos': 8, 'Aparato Locomotor: Analgésico\nAparato Locomotor: Antirreumáticos Antiartríticos': 2}",,
metotrexato,metotrexato,5,"METOTREXATE TEVA, METOTREXATO KEMEX, METOTREXATO MARTIAN","clases en disputa: {'Aparato Locomotor: Antirreumáticos Antiartríticos': 12, 'Oncológicos y Terapias Relacionadas: Citostáticos Antineoplásicos': 3}",,
nitisinona,nitisinona,5,"NITINE, ORFADIN",,,
promestriene,promestriene,5,"COLPOESTRIENE, PROMECLIM",,,
rucaparib,rucaparib,5,"RUCAFAS, RUPOVAR",,,
"salbutamol, ipratropio,br.",br. + ipratropio + salbutamol,5,"IPRASALB, MAXAIR, SALBUTRAL AC",,,
"salicílico,ác., láctico,ác.",ac. + lactico + salicilico,5,"CALLICIDA EL MONJE NEGRO, VERRUDERM PLUS, VERRUTOPIC",,,
zidovudina,zidovudina,5,"ZETROTAX RICHMOND, ZIDOVUDINA FILAXIS",,,
abemaciclib,abemaciclib,4,VERZENIO,,,
"acetilsalicílico,ác., cafeína",ac. + acetilsalicilico + cafeina,4,"ALIKAL LIMON, ALIKAL NARANJA",,,
"alverina, simeticona",alverina + simeticona,4,"FACTOR AG PLUS, METEOSPASMYL","clases en disputa: {'Aparato Digestivo: Antiflatulentos\nAparato Digestivo: Procinéticos Gastrointestinales': 4, 'Aparato Digestivo: Antiespasmódicos Anticolinérgicos\nAparato Digestivo: Antiflatulentos': 3}",,
"amoxicilina, ambroxol",ambroxol + amoxicilina,4,"GRINSIL RESPIRATORIO DUO750/15 mg, GRINSIL RESPIRATORIO DUO875/60 mg, GRINSIL RESPIRATORIO NF",,,
"amoxicilina, diclofenac",amoxicilina + diclofenac,4,RODINAC BIOTIC,,,
"amoxicilina, sulbactam",amoxicilina + sulbactam,4,"TRIFAMOX IBL, TRIFAMOX IBL DUO",,,
antígeno hepatitis b,antigeno hepatitis b,4,"AG-B 10, AG-B 20, BIOVAC HB",,,
"betametasona, salicílico,ác.",ac. + betametasona + salicilico,4,"BETASALIC, SALICORT, SALICORT CAPILAR",,,
"calcio,carbonato, vit.d3",calcio + carbonato + vit.d3,4,"CALCIO BASE DUPOMAR D3 20, CALCIO BASE DUPOMAR D3 40",,,
carbón activado,carbon activado,4,"CARBON BELLOC, MAMOGRAF",,,
cassia angustifolia,cassia angustifolia,4,"CIRUELAX FORTE, CIRUELAX MINITABS, LAXIRUELA MINITABS",,,
"cistina, asoc.",asoc. + cistina,4,"CISTINA-B6 SZAMA, MEGACISTIN, MEGAPLUS",,,
clofarabina,clofarabina,4,"CISTADINE, CLOFICRIS, LUVUDEN",,,
clorpromazina,clorpromazina,4,"CLORPROMAZINA CEVALLOS, CLORPROMAZINA DUNCAN",,,
crizotinib,crizotinib,4,"TIRIMIT, XALKORI 200, XALKORI 250",,,
"cynara scolymus, asoc.",asoc. + cynara scolymus,4,"BAGOHEPAT, BAGOHEPAT RAPIDA ACCION",,,
dobesilato cálcico,dobesilato calcico,4,"DOXIUM, EFLEVAR",,,
emicizumab,emicizumab,4,HEMLIBRA,,,
epirubicina,epirubicina,4,"CRISABON, CUATROEPI, EPIRUBICINA IMA",,,
factor viii,factor viii,4,"EMOCLOT, OCTANATE","atc en disputa: {'B02BD02': 4, 'B02BD\nB02BD02': 1, 'B02BD06': 2}",,
"factor viii, fact.von willebra",fact.von willebra + factor viii,4,"FANHDI, WILATE",,,
"famotidina, calcio,carbon., as",as + calcio + carbon. + famotidina,4,"ACTUAL, TAURAL F MAX",,,
"fibra, asoc.",asoc. + fibra,4,"CIRUELAX JALEA, LAXIRUELA FIBRA",,,
"fluticasona,furoato, vilantero",fluticasona + furoato + vilantero,4,"ALVETIDE, RELVAR ELLIPTA",,,
fondaparinux,fondaparinux,4,ARIXTRA,,,
fulvestrant,fulvestrant,4,"ALSEL, FAVESAN, FULL V","clases en disputa: {'Oncológicos y Terapias Relacionadas: Antiestrogénicos': 4, 'Oncológicos y Terapias Relacionadas: Antiandrógenos': 1}",,
"fusídico,ác., betametasona",ac. + betametasona + fusidico,4,"ACIFUSIN B, DRUM Á, FUSIMED B",,,
gentamicina,gentamicina,4,"GENTADERM, GENTAMICINA (COMO SULFATO, GENTUM",,,
"ginseng, vit., minerales",ginseng + minerales + vit.,4,"MARATHON, PHARMATON NF",,,
heparina sódica,heparina sodica,4,"CYCLOPARIN, HEPARINA DUNCAN, RIVEPARIN-HEPARINA RIVERO",,,
"hierro, vit.b12, fólico,ác.",ac. + folico + hierro + vit.b12,4,"ACIFOL FE, FOLFIRIMOX",,,
insulina lispro,insulina lispro,4,"INSULINA HUMALOG, INSULINA HUMALOG KWIKPEN, INSULINA HUMALOG KWIKPENL",,,
mavacamten,mavacamten,4,CAMZYOS,,,
"meglumina,diatrizoato, asoc.",asoc. + diatrizoato + meglumina,4,"TEMISTAC, TRIYOSOM 76 M, TRIYOSOM GI",,,
melfalano,melfalano,4,"ERIOLAN, FRIMIRT, MELFOMA",,,
micofenolato mofetil,micofenolato mofetil,4,"MMF SANDOZ, SUPRIMUN",,,
midostaurina,midostaurina,4,"RYDAPT, TAUQUINA",,,
misoprostol,misoprostol,4,"MISOP 200, MISOPROST 200 BETA",,,
niraparib,niraparib,4,ZEJULA,,,
nirsevimab,nirsevimab,4,BEYFORTUS,,,
omalizumab,omalizumab,4,XOLAIR,,,
"paracetamol, ibuprofeno",ibuprofeno + paracetamol,4,"DUOMAX, GENIOL FLEX, TAFIROL DUO",,,
prasterona,prasterona,4,"DHEA FEM, FEMTERONA",,,
"pridinol,mesilato",mesilato + pridinol,4,"RELAXEDAN, RODI RELAX",,,
sarilumab,sarilumab,4,KEVZARA,,,
secukinumab,secukinumab,4,COSENTYX,,,
"tramadol, dexketoprofeno",dexketoprofeno + tramadol,4,"CALMADOR DEX, ENANTYUM FORTE, TACRAF PLUS",,,
"tretinoína, asoc.",asoc. + tretinoina,4,HIDROSAM T,,,
tucatinib,tucatinib,4,"MAMASISTIN, TUKYSA",,,
urea,urea,4,"FACTOR AE UREA, KERATOPIC 40, XEROBASE",,,
vilazodona clorh.,vilazodona clorh.,4,"VISDON 10, VISDON 20, VISDON 40",,,
viscum album l,viscum album l,4,ABNOBA VISCUM FRAXINI,,,
"zinc,undecilenato, asoc.",asoc. + undecilenato + zinc,4,"DERMAX VX, FARM-X CREMA, FARM-X POLVO",,,
ziprasidona,ziprasidona,4,ZELDOX,,,
"acetilsalic.,ác, atorvastatín,",ac + acetilsalic. + atorvastatin,3,OMNIPIL,,,
"acetilsalicílico,ác., asoc.",ac. + acetilsalicilico + asoc.,3,"FALGOS, FALGOS  EXPENDEDOR X 25 B, TAFIROL RESACA",,,
alb£mina humana,alb£mina humana,3,"ALBUNORM, ALBUTEIN 20%, UMAN ALBUMIN",,,
"alcachofa, asoc.",alcachofa + asoc.,3,"CHOFITOL PLUS, DIGESTINA",,,
"alcohol diclorobencílico, asoc",alcohol diclorobencilico + asoc,3,"STREPSILS CARAMELOS, STREPSILS PLUS CARAMELOScaram.x",,,
alpelisib,alpelisib,3,PIQRAY,,,
"ambay, asoc.",ambay + asoc.,3,"PASTILLA DE AMBAY, PASTILLA DE AMBAY SABOR M",,,
"aminoácidos, vit.b6",aminoacidos + vit.b6,3,"RED NEURAL COMPRIMIDOS, RED NEURAL GRANULADO",,,
"bempedoico ác., ezetimibe",bempedoico ac. + ezetimibe,3,"BEMPEZET, BRIMEPIL EZ 180/10",,,
bifonazol,bifonazol,3,"ANTIMICOTICO LAURIA U¥AS, MICOSOL",,,
busulfano,busulfano,3,"BUSILVEX, BUSULFAN VARIFARMA, BUSULTEK",,,
ciclopiroxolamina,ciclopiroxolamina,3,MICOPIROX,,,
clonixinato lisina,clonixinato lisina,3,"CLONIXINATO DE LISINA LARA.X 100 X, DORIXINA VL",,,
"clortalidona, valsartán",clortalidona + valsartan,3,HIPREX DUO,,,
dabrafenib,dabrafenib,3,TAFINLAR,,,
dacarbazina,dacarbazina,3,"DACARBAZINA KEMEX, DACARBAZINA VARIFARMA, ONCOCARBIL 200",,,
darifenacina,darifenacina,3,"DARIFIN 15, DARINAX 15, DARINAX 7.5","clases en disputa: {'Aparato Genito-Urinario: Antiespasmódicos Antiinflamatorios': 4, 'Aparato Genito-Urinario: Tratamiento de la Vejiga Hiperactiva': 3}",,
"dehidrocólico,ác., asoc.",ac. + asoc. + dehidrocolico,3,BIL 13,,,
"diclofenac sodico, tramadol",diclofenac sodico + tramadol,3,NUSIRA,,,
dipirona,dipirona,3,"DIPIRONA KLONAL, DITRAL","clases en disputa: {'Aparato Locomotor: Antiinflamatorios no Esteroides\nSistema Nervioso Central: Analgésicos Antitérmicos': 14, 'Aparato Locomotor: Analgésico\nSistema Nervioso Central: Analgésicos Antitérmicos': 2}",,
"doxilamina, piridoxina",doxilamina + piridoxina,3,"EMETIC, MELOUT",,,
doxorubicina,doxorubicina,3,"DOXOKEBIR, DOXORUBICINA IMA, DOXORUBICINA KEMEX","clases en disputa: {'Oncológicos y Terapias Relacionadas: Antibióticos Antineoplásicos': 7, 'Oncológicos y Terapias Relacionadas: Citostáticos Antineoplásicos': 2}",,
edoxabán,edoxaban,3,BEXABAN,,,
"elexacaftor, tezacaftor, ivaca",elexacaftor + ivaca + tezacaftor,3,"TRIXACAR, TRIXACAR P, TRIXACAR P GRANULADO",,,
enzimas digestivas,enzimas digestivas,3,PANCREOLIPASA TECHSPHERE,,,
fibrinógeno humano,fibrinogeno humano,3,"BERIPLAST P COMBI SET, FIBRYGA",,,
finasteride,finasteride,3,"PROSTANIL, RECUFIN, RENACIDIN","atc en disputa: {'D11AX\nG04CB01': 4, 'G04CB01': 14, 'D11AX': 2, 'G04CB\nG04CB01': 1} | clases en disputa: {'Piel y Mucosas: Regeneradores Capilares Antialopécicos': 10, 'Aparato Genito-Urinario: Terapéutica Prostática': 11}",,
flumazenil,flumazenil,3,"FLUMANOVAG, FLUMAZENIL CELTYC, FLUMAZENIL RICHET",,,
"fosfato disódico, fosfato mono",fosfato disodico + fosfato mono,3,"FOSFALAX ORAL, FOSFO-DOM, SODILAXAN",,,
"ftalilsulfatiazol, asoc.",asoc. + ftalilsulfatiazol,3,"CARBOMAX, ESTREPTOCARBOCAFTIAZOL",,,
"fusídico,ác.",ac. + fusidico,3,"ACIFUSIN, FUSIMED, FUSITOP",,,
"hierro,sacarato",hierro + sacarato,3,"FERIVE, IRONCAS, SUCROX I.V. COMPLEX",,,
inmunoglobulina antihepatitis,inmunoglobulina antihepatitis,3,GAMMASUB UNC,,,
inmunoglobulina anti-rho,inmunoglobulina anti-rho,3,"IMMUNORHO, KAMRHO D",,,
"ins.lispro, ins.lispro protami",ins.lispro + ins.lispro protami,3,"INSULINA HUMALOG MIX 25, INSULINA HUMALOG MIX 25 KL, INSULINA HUMALOG MIX 50 KL",,,
interferón alfa 2 b,interferon alfa 2 b,3,BIOFERON,,,
"isosorbide,mononitrato",isosorbide + mononitrato,3,"ISOSORBIDE 5 MONONITRATO, MEDOCOR AP",,,
lactasa,lactasa,3,LACTAS,,,
larotrectinib,larotrectinib,3,VITRAKVI,,,
lisdexanfetamina,lisdexanfetamina,3,LUDOXA,,,
"miconazol, metronidazol, asoc.",asoc. + metronidazol + miconazol,3,"MACRIL OVULOS, SEPTIGYN",,,
migalastat,migalastat,3,"GALAFOLD, LACTOREL, RELIDAS",,,
momelotinib,momelotinib,3,OMJJARA,,,
moxifloxacina,moxifloxacina,3,"AVELOX I.V., MOFLAG, MOXIBASE","clases en disputa: {'Oftálmicos: Antiinfecciosos': 3, 'Antiinfecciosos de Uso Sistémico: Antibióticos: Quinolonas': 1}",,
mupirocina,mupirocina,3,"MUPICIL, MUPIDERM, QUEMICETINA NF NASAL","clases en disputa: {'Piel y Mucosas: Antibacterianos Tópicos': 8, 'Otorrinolaringológicos: Antibióticos de Uso Nasal': 1}",,
neratinib,neratinib,3,"CANITIB, NERLYNX, NIANEB",,,
oximetazolina,oximetazolina,3,"ALLERHIT, OXILER D, RUBOX","atc en disputa: {'S01GA04': 2, 'R01AA05': 3} | clases en disputa: {'Oftálmicos: Descongestivos': 2, 'Otorrinolaringológicos: Descongestivos Nasales Antialérgicos': 3}",,
pemigatinib,pemigatinib,3,PEMAZYRE,,,
"pertuzumab, trastuzumab",pertuzumab + trastuzumab,3,"PERJETA - HERCEPTIN IV COK, PHESGO",,,
"pinaverio,bromuro",bromuro + pinaverio,3,NULITE,,,
piroxicam,piroxicam,3,"PIROXICAM DUPOMAR, PIROXICAM VANNIER","atc en disputa: {'M02AA07': 3, 'M01AC01': 2} | clases en disputa: {'Piel y Mucosas: Antiinflamatorios Analgésicos Tópicos': 3, 'Aparato Locomotor: Antiinflamatorios no Esteroides\nSistema Nervioso Central: Analgésicos Antitérmicos': 1, 'Aparato Locomotor: Antiinflamatorios no Esteroides\nAparato Locomotor: Antirreumáticos Antiartríticos': 1}",,
"piroxicam, carisoprodol, asoc.",asoc. + carisoprodol + piroxicam,3,"FLEXICAMIN A, FLEXICAMIN B12",,,
precursores fibrina humana,precursores fibrina humana,3,TISEEL LYO,,,
prometazina,prometazina,3,"PROMETAZINA VANNIER, ROSTAZINA",,,
risankizumab,risankizumab,3,SKYRIZI,,,
"ritonavir, lopinavir",lopinavir + ritonavir,3,KALETRA,,,
roxadustat,roxadustat,3,VADROX,,,
rufinamida,rufinamida,3,SAIKEL,,,
"salicílico,ác.",ac. + salicilico,3,"VERRUDERM, VERRUPLANT, VERRUTOPIC AS",,,
sofosbuvir,sofosbuvir,3,"ANISOVIR, EVALDIX, FERASIN","clases en disputa: {'Antiinfecciosos de Uso Sistémico: Antivirales': 2, 'Aparato Circulatorio: Antiarrítmicos\nAparato Circulatorio: Antihipertensivos': 1}",,
somapacitán,somapacitan,3,SOGROYA,,,
sotatercept,sotatercept,3,WINREVAIR,,,
sugammadex,sugammadex,3,"FINATREX, SUGAMMADEX KLONAL, SUGAMMADEX RICHET",,,
teriparatida,teriparatida,3,"FORTEO, OSTEOFORTIL, OSTEOFORTIL PEN",,,
"tióctico,ác.",ac. + tioctico,3,"BILETAN FORTE 200, NEUROLAZ, TIONEUROL 600",,,
tioridazina,tioridazina,3,MELERIL,,,
tiotepa,tiotepa,3,"TEPADINA, TIOSTATERA",,,
"tranexámico,ác.",ac. + tranexamico,3,"TRANEX, TREXANET",,,
triamcinolona,triamcinolona,3,"ALLENASAL, TRIAMCINOLONA RICHET",,,
upadacitinib,upadacitinib,3,RINVOQ,,,
"valeriana, asoc.",asoc. + valeriana,3,"HERBACCION SEDANTE, MELATOL DIA RELAX",,,
valganciclovir,valganciclovir,3,"VALGANCICLOVIR SANDOZ, VALGARD, VALIXA",,,
vit.a,vit.a,3,A-VITEL,,,
"vit.a, bencetonio,cl., asoc.",asoc. + bencetonio + cl. + vit.a,3,"CLINAL, HIPOGLOS",,,
"vit.c, citroflavonoide",citroflavonoide + vit.c,3,CVP DUO,,,
"vit.e, vit.a, asoc.",asoc. + vit.a + vit.e,3,TANVIMIL EBA,,,
vitis vinífera,vitis vinifera,3,"MIKONOS, MIKONOS FORTE",,,
"zinc,óxido, asoc.",asoc. + oxido + zinc,3,"ANTIHEMORROIDAL GEZZI PLU, MACODERM",,,
abrocitinib,abrocitinib,2,CIBINQO,,,
aceite de salmón,aceite de salmon,2,REGULIP,,,
acenocumarol,acenocumarol,2,"ACENOCOUMAROL ROSPAW, AZECAR","atc en disputa: {'B01AA07': 4, 'B01AF01': 3}",,
"acetilsalicílico,ác., vit.c",ac. + acetilsalicilico + vit.c,2,BAYASPIRINA C LIMON 240 M,,,
acth,acth,2,ACTHEL,,,
"alcanfor, asoc.",alcanfor + asoc.,2,REUMOL DESINFLAMANTE,,,
alirocumab,alirocumab,2,PRALUENT,,,
"ambroxol, butetamato",ambroxol + butetamato,2,"MUCOPREDNIBRON, TAVINEX EXPECTORANTE FORT",,,
"aminoácidos, asoc.",aminoacidos + asoc.,2,NUTRIFLEX OMEGA ESPECIAL,,,
anfotericina b liposomal,anfotericina b liposomal,2,"ANFONAX, ANFOTAR LIPOSOMAL",,,
antigeno virus sincicial resp.,antigeno virus sincicial resp.,2,"ABRYSVO, AREXVY",,,
apomorfina,apomorfina,2,"APOKINON, APOKINON STYLO",,,
asciminib,asciminib,2,SCEMBLIX,,,
atogepant,atogepant,2,AQUIPTA,,,
"atracurio,besilato",atracurio + besilato,2,ATRACURIO,,,
baricitinib,baricitinib,2,OLUMIANT,,,
"benzalconio,cloruro, asoc.",asoc. + benzalconio + cloruro,2,MERTHIOLATE ANESTESICO,,,
"benzocaína, asoc.",asoc. + benzocaina,2,"CARAMELOS FECOFAR FREE PL, NEUMOBRON CARAMELOS",,,
betametasona (acet.y fosf.diso,betametasona (acet.y fosf.diso,2,"BETASONE G RETARD, BUTASONA FABRA RL",,,
betametasona (acet.y fosf.diso corteroid retard,betametasona (acet.y fosf.diso corteroid retard,2,INY.F.A.X 1 X,,,
"betametasona, gentamic., miconfactor dermico",betametasona + gentamic. + miconfactor dermico,2,POMO X,,,
bismuto subcitrato,bismuto subcitrato,2,HELICOTRAT,,,
"bisoprolol, hidroclorotiazida",bisoprolol + hidroclorotiazida,2,"CARDIPLEN D, MOINEL D","atc en disputa: {'C03AX': 3, 'C07BB07': 4}",,
"budesonida, glicopirronio, for",budesonida + for + glicopirronio,2,BREZTRI AEROSPHERE,,,
cabergolina,cabergolina,2,CABERTRIX,"clases en disputa: {'Hormonoterápicos: Inhibidores de la Prolactina': 4, 'Sistema Nervioso Central: Antiparkinsonianos': 3}",,
cabotegravir,cabotegravir,2,VOCABRIA,,,
calcio,calcio,2,"CALCIO BASE DUPOMAR FORTE, CALCIO BASE VENT-3",,,
"calcio,carbonato",calcio + carbonato,2,"CALCIO BASE VANNIER, PLUSCAL MOUSSE VAINILLA","clases en disputa: {'Nutrición: Suplementos Dietarios': 2, 'Metabolismo: Metabolismo Oseo\nNutrición: Minerales': 2}",,
"calcio,citrato, vit.d3",calcio + citrato + vit.d3,2,CALCIMAX D3 400,,,
"calcipotriol, betametasona,dip",betametasona + calcipotriol + dip,2,"BETRIOL B, PSORI-BET",,,
"candesartán, hidroclorotiazida",candesartan + hidroclorotiazida,2,ATACAND D,,,
capivasertib,capivasertib,2,TRUQAP,,,
"carvedilol, hidroclorotiazida",carvedilol + hidroclorotiazida,2,CARVEDIL D,"clases en disputa: {'Aparato Circulatorio: Antihipertensivos\nAparato Circulatorio: Diuréticos': 18, 'Aparato Circulatorio: Antianginosos\nAparato Circulatorio: Antihipertensivos\nAparato Genito-Urinario: Diuréticos': 12}",,
"cáscara sagrada, aloe",aloe + cascara sagrada,2,CASCARA SAGRADA + ALOE IN,,,
"castaño de indias, asoc.",asoc. + castano de indias,2,CASTA¥A DE INDIA S.C.,,,
"ceftazidima, avibactam",avibactam + ceftazidima,2,"CEFTAAVI, CEFTAZIDIMA + AVIBACTAM R",,,
ciclosporina,ciclosporina,2,"CIPOS 0.1, INMUNOSPORIN 0.1%","clases en disputa: {'Inmunoterápicos: Inmunosupresores': 1, 'Oftálmicos: Antiinflamatorios Antialérgicos': 1, 'Oftálmicos: Tratamiento de la Queratoconjuntivitis': 1}",,
"ciproflox., hidrocort., lidoca",ciproflox. + hidrocort. + lidoca,2,"OTEX L, OTIKIT L",,,
clobazam,clobazam,2,ERIPAL,"atc en disputa: {'N05BA': 2, 'N05BA09': 2}",,
"colagenasa, cloranfenicol, aso iruxol",aso iruxol + cloranfenicol + colagenasa,2,UNG.X,,,
colistina metansulfonato,colistina metansulfonato,2,"ESPIROTECH INHALATORIO, ESPIROTECH INYECTABLE",,,
daunorubicina (daunomicina),daunorubicina (daunomicina),2,"DAUNORUBICINA KEMEX, MAXIDAUNO",,,
"decametrina, piperonilbutóxido",decametrina + piperonilbutoxido,2,HEXA DEFITAL N.F.,,,
"dexametasona, neomicina, asoc.dexalergin",asoc.dexalergin + dexametasona + neomicina,2,GTS.X,,,
"dexametasona, neomicina, asoc.proetztotal",asoc.proetztotal + dexametasona + neomicina,2,SOL.P/NEBULIZAR X,,,
"dexametasona, neomicina, asoc.isoptomax",asoc.isoptomax + dexametasona + neomicina,2,"SUSP.OFT.X, UNG.OFT.X",,,
dexibuprofeno,dexibuprofeno,2,CEFALEX VL,,,
"diacereína, sulf.",diacereina + sulf.,2,"GLUCOSAMINA P ARTRODAR GLUCO, GLUCOSAMINA P MECANYL COMPLEX",,,
"diclofenac potásico, asoc.",asoc. + diclofenac potasico,2,DICLOGESIC PLUS B12,,,
"diclofenac potásico, betametasona",betametasona + diclofenac potasico,2,RODINAC CORT,,,
"diclofenac sódico, omeprazol",diclofenac sodico + omeprazol,2,DIOXAFLEX PROTECT,,,
"diclofenac, vit.b,complejo",complejo + diclofenac + vit.b,2,"DIOXAFLEX COMPLEX, DOLO NERVOBION 10000 NF",,,
"difenhidramina, alcanfor, asoc",alcanfor + asoc + difenhidramina,2,PRURISEDAN,,,
diosmina,diosmina,2,FLEBOTROPIN 300,"clases en disputa: {'Aparato Circulatorio: Antivaricosos Flebotónicos': 7, 'Piel y Mucosas: Flebotónicos Antivaricosos': 2}",,
"dolutegravir, abacavir, lamivu",abacavir + dolutegravir + lamivu,2,"DRIVELEA, ZEVUVIR ABC PACK",,,
dorzolamida,dorzolamida,2,"DORLAMIDA, TRUSOPT",,,
"dorzolamida, timolol, brimonid",brimonid + dorzolamida + timolol,2,"XEGREX, XEGREX LC",,,
doxazosina,doxazosina,2,CARDURA,,,
dulaglutida,dulaglutida,2,TRULICITY,,,
dupilumab,dupilumab,2,DUPIXENT,,,
eculizumab,eculizumab,2,"BEKEMV, ELIZARIA",,,
eliglustat,eliglustat,2,"DEYGLUX, ELIGLAS",,,
elranatamab,elranatamab,2,ELREXFIO,,,
encorafenib,encorafenib,2,BRAFTOVI,,,
enfortumab vedotina,enfortumab vedotina,2,PADCEV,,,
entacapone,entacapone,2,COMTAN,,,
entrectinib,entrectinib,2,ROZLYTREK,,,
epcoritamab,epcoritamab,2,EPKINLY,,,
erenumab,erenumab,2,AIMOVIG,,,
escina(extr.cast.de indias),escina(extr.cast.de indias),2,NADEM FORTE,,,
esketamina,esketamina,2,SPRAVATO,,,
estiripentol,estiripentol,2,DIACOMIT,,,
etelcalcetida,etelcalcetida,2,PARSABIV,,,
"etoricoxib, paracetamolblokium cox gesic",etoricoxib + paracetamolblokium cox gesic,2,,,,
factores de coagulación,factores de coagulacion,2,"OCTAPLEX, UMAN COMPLEX",,,
fedratinib,fedratinib,2,"BURICAS, INREBIC",,,
finerenona,finerenona,2,FIRIALTA,,,
"floroglucinol, trimetoxibencen",floroglucinol + trimetoxibencen,2,"NERO, NERO 40",,,
"fluticasona,furoato, umeclidin",fluticasona + furoato + umeclidin,2,TRELEGY ELLIPTA,,,
"fólico,ác., vit.b",ac. + folico + vit.b,2,ACIFOL B12,,,
"fosfolípidos, asoc.",asoc. + fosfolipidos,2,SURVANTA,,,
fostamatinib,fostamatinib,2,FOSTAX,,,
fruquintinib,fruquintinib,2,FRUZAQLA,,,
"fsh, lh",fsh + lh,2,PERGOVERIS PEN,,,
"gammaglobulina humana, histamina",gammaglobulina humana + histamina,2,"HISTAGLOBIN, HISTAGLOBIN TRIPLEX",,,
gilteritinib,gilteritinib,2,"GILTETIR, XOSPATA",,,
"glicólico,ác., hidroquinona",ac. + glicolico + hidroquinona,2,"NEOQUIN, NEOQUIN FORTE",,,
glofitamab,glofitamab,2,COLUMVI,,,
"gramicidina, neomicina, asoc.",asoc. + gramicidina + neomicina,2,"COLLUBIAZOL N, EXPECTOSAN GARGANTA",,,
guaifenesina,guaifenesina,2,"PLENUM, VICKMIEL",,,
"guaifenisina, asoc.",asoc. + guaifenisina,2,"PECHOVIT ADULTO, PECHOVIT INFANTIL",,,
hialuronato sódico,hialuronato sodico,2,"CRUZAL 40, DROPSTAR LC",,,
"hidroquinona, asoc.",asoc. + hidroquinona,2,"DERMOBLANC, MELASMAX",,,
hierbas medicinales,hierbas medicinales,2,"NOVOAXIN, REJUVEL",,,
"hierro, fólico,ác.",ac. + folico + hierro,2,"FERROGALFOL, HIERRO RICHET",,,
icatibant,icatibant,2,"EIBANTA, FIRAZYR 30 MG",,,
idelalisib,idelalisib,2,IDELIB,,,
indacaterol,indacaterol,2,ONBRIZE BREEZHALER,,,
"ins.glargina, lixisenatida",ins.glargina + lixisenatida,2,"SOLIQUA 10-40, SOLIQUA 30-60",,,
insulina degludec,insulina degludec,2,INSULINA TRESIBA FLEXTOUC,,,
insulina humana isofana,insulina humana isofana,2,"BIOINSUGEN N, DENSULIN ISOFANA",,,
iohexol,iohexol,2,OMNIPAQUE,,,
irbesartán,irbesartan,2,"APROVEL 150, APROVEL 300",,,
isatuximab,isatuximab,2,SARCLISA,,,
ketoprofeno,ketoprofeno,2,SALICREM DESINFLAMANTE,,,
lanreótido,lanreotido,2,"SOMATULINE AUTO GEL, SOMATULINE AUTOGEL",,,
"levocetirizina, betametasona",betametasona + levocetirizina,2,SUPRALER CORT,,,
levonorgestrel,levonorgestrel,2,"SECUFEM 1.5 MG, SEGURITE UD","clases en disputa: {'Aparato Genito-Urinario: Anticonceptivos Anovulatorios': 2, 'Aparato Genito-Urinario: Anticonceptivos Anovulatorios\nHormonoterápicos: Progestagenoterapia': 3, 'Dispositivos Especiales: Dispositivos Intrauterinos Preservativos': 1}",,
"lidocaína, prilocaína",lidocaina + prilocaina,2,"EMLA, LIDOPRIL",,,
linezolid,linezolid,2,"ZYVOX IV, ZYVOX ORAL",,,
lomustina,lomustina,2,LOMUSTINA ECZANE,,,
"magnesio, vit.c",magnesio + vit.c,2,TOTAL MAGNESIANO VITAMINA,,,
"mebendazol, tinidazol",mebendazol + tinidazol,2,MEBUTAR COMPUESTO,,,
"melatonina, asoc.",asoc. + melatonina,2,MELATOL PLUS,,,
"memantine, donepecilo",donepecilo + memantine,2,LUCIDEX COMPLEX XR SPRINK,"atc en disputa: {'N06DA52': 11, 'N06DX01': 4} | clases en disputa: {'Sistema Nervioso Central: Antipsicótico': 9, 'Sistema Nervioso Central: Tratamiento de la Enfermedad de Alzheimer': 6}",,
menotropina,menotropina,2,MERIOFERT,,,
mercaptopurina,mercaptopurina,2,"PURINETHOL, VARIMER",,,
"metilo,salicilato, asoc.",asoc. + metilo + salicilato,2,"ATOMO DESINFLAMANTE FORTE, RATI SALIL GEL",,,
mifepristona,mifepristona,2,"FEMPRO, MIFEP",,,
"naproxeno, carisoprodol",carisoprodol + naproxeno,2,NAPRUX DISTEN,,,
natalizumab,natalizumab,2,"TYSABRI, TYSABRI SC",,,
"neomicina, asoc.",asoc. + neomicina,2,"NEOBITIOL PIE, NEOBITIOL ROLL-ON",,,
"noretisterona, etinilestradiol",etinilestradiol + noretisterona,2,"PRIMOSISTON, UNIMEX",,,
ocrelizumab,ocrelizumab,2,"OCREVUS, OCREVUS SC",,,
"olmesartan, hidroclorotiazida",hidroclorotiazida + olmesartan,2,OLTUX D,,,
olopatadine,olopatadine,2,"PATANOL S LDMO LDPE, ZOLOATLAS",,,
palivizumab,palivizumab,2,SYNAGIS,,,
"pancreatina, dimetilpolisiloxa",dimetilpolisiloxa + pancreatina,2,PANKREOFLAT AD,,,
"paracetamol, asoc.",asoc. + paracetamol,2,"FABOGESIC ALIV FORTE, TAFIROL FEM",,,
pasireotida,pasireotida,2,SIGNIFOR LAR,,,
peginterferón beta 1 a,peginterferon beta 1 a,2,PLEGRIDY,,,
penicilina g benzatínica,penicilina g benzatinica,2,PEN DI BEN,,,
"piroxicam, asoc.",asoc. + piroxicam,2,PIROXICAM RELAX,,,
"piroxicam, dexametasona, asoc.",asoc. + dexametasona + piroxicam,2,FLEXICAMIN B12,,,
podofilox,podofilox,2,PODOXIN,,,
polatuzumab vedotina,polatuzumab vedotina,2,POLIVY,,,
poliestiren sulfonato cálcico,poliestiren sulfonato calcico,2,R.I.C.CALCIO,,,
poractant alfa,poractant alfa,2,"CUROSURF 120, CUROSURF 240",,,
posaconazol,posaconazol,2,"POSACONAZOL SDZ, POSACONAZOL VARIFARMA",,,
"propinox, clonixinato de lisin",clonixinato de lisin + propinox,2,SERTAL COMPUESTO VL,,,
ramucirumab,ramucirumab,2,"CYRAMZA 100 MG, CYRAMZA 500 MG",,,
relugolix,relugolix,2,"BOCIPAL, GORAX",,,
remifentanilo,remifentanilo,2,"REMIFAS, REMIFENTANILO GRAY",,,
resinas neutras,resinas neutras,2,ADHESOL BIOL,,,
ribociclib,ribociclib,2,KISQALI,,,
"rosuvastatina, candesartan, hi",candesartan + hi + rosuvastatina,2,POLILEP,,,
rupatadina,rupatadina,2,RUPALER,,,
"rutina, ajo,extr.",ajo + extr. + rutina,2,VARISEDAN,,,
"salbutamol, beclometasona",beclometasona + salbutamol,2,"BUTOCORT HFA, SALBUTRAL PLUS",,,
"sapropterina,diclorh.",diclorh. + sapropterina,2,KUVAN POLVO,,,
siponimod,siponimod,2,MAYZENT,,,
"sodio,bicarbonato, asoc.",asoc. + bicarbonato + sodio,2,"UVASAL LIMON, UVASAL NARANJA",,,
"sodio,cloruro, xilitol",cloruro + sodio + xilitol,2,"XYLISOL, XYLISOL LAVAJE NASAL",,,
solución parenteral fisiol/glucos,solucion parenteral fisiol/glucos,2,SOLUC.PARENT.PARENTGLASS,,,
tarlatamab,tarlatamab,2,IMDELLTRA,,,
"timolol,maleato",maleato + timolol,2,"TIMODER HYDROGEL, TIMOPTIC XE",,,
"tiotropio,bromuro",bromuro + tiotropio,2,"ASPIRE, NEUMOTROPIO",,,
"toxoide tetán., diftér., pertu",difter. + pertu + toxoide tetan.,2,"ADACEL, BOOSTAGEN 2",,,
trabectedina,trabectedina,2,"LIPECELTE, YONDELIS",,,
trametinib,trametinib,2,MEKINIST,,,
"trimebutina, simeticona",simeticona + trimebutina,2,BIORGAN S,"clases en disputa: {'Aparato Digestivo: Antiespasmódicos Anticolinérgicos\nAparato Digestivo: Antiflatulentos': 6, 'Aparato Digestivo: Antidiarreicos Reconstituyentes de la Flora\nAparato Digestivo: Antiflatulentos': 2, 'Aparato Digestivo: Antiespasmódicos Anticolinérgicos\nAparato Digestivo: Digestivos Antidispépticos': 2}",,
"trospio,cloruro",cloruro + trospio,2,"SPASMEX 15, SPASMEX 30",,,
vacuna polimicrob.polimicót.,vacuna polimicrob.polimicot.,2,"SUMMAVAC M, SUMMAVAC P",,,
vaselina líquida,vaselina liquida,2,VASELINA LIQUIDA EXTRA DEFrambuesa,,,
venetoclax,venetoclax,2,VENCLEXTA,,,
vincristina,vincristina,2,"VINCRISTINA KEMEX, VINCRISTINA LKM 1",,,
vinflunina ditartrato,vinflunina ditartrato,2,JAVLOR,,,
"vit., minerales",minerales + vit.,2,"CAL C VITA, CAL C VITA FLUOR",,,
"vit.a, vit.c, vit.d",vit.a + vit.c + vit.d,2,"OSTELIN ACD, TRI VI SOL",,,
"vit.a, vit.c, vit.d, fl£or",fl£or + vit.a + vit.c + vit.d,2,"TRI VI FLUOR, VITASOL F",,,
"vit.d3, vit.a, vit.e, alantoin",alantoin + vit.a + vit.d3 + vit.e,2,"PERPIEL D3 CORPORAL, PERPIEL D3 FACIAL",,,
vit.e,vit.e,2,ETEC 1000,,,
vonoprazan,vonoprazan,2,VOZAMA,,,
vorasidenib,vorasidenib,2,VORANIGO,,,
"acetilsalicílico,ác., vit.c, v",ac. + acetilsalicilico + v + vit.c,1,CARDIAX,,,
agalsidasa alfa,agalsidasa alfa,1,REPLAGAL,,,
"alcanfor, bórico,ác., asoc.",ac. + alcanfor + asoc. + borico,1,PRURISEDAN,,,
"alcanfor, metilo,salicilato, a",a + alcanfor + metilo + salicilato,1,MEDEX INHALADOR,,,
alendronato,alendronato,1,MARVIL,"atc en disputa: {'M05BA': 2, 'M05BA04': 9}",,
alfa cetoanálogos de aminoácidos,alfa cetoanalogos de aminoacidos,1,KETOSTERIL,,,
alfa-1-antitripsina,alfa-1-antitripsina,1,PROLASTIN-C,,,
"aluminio,hidr., magn.hidr., si",aluminio + hidr. + magn.hidr. + si,1,MYLANTA II FRUTAL,,,
"aluminio,hidr., magnesio,hidr.",aluminio + hidr. + magnesio,1,MEGATRIC,,,
"aminoácidos, vit.b12",aminoacidos + vit.b12,1,POLPER B12 A.F.,,,
antigeno covid-19,antigeno covid-19,1,ARVAC,,,
asparaginasa,asparaginasa,1,SPECTRILA,,,
"atenolol, asoc.",asoc. + atenolol,1,PLENACOR D,,,
"atropina,sulfato",atropina + sulfato,1,ALCON ATROPINA 1%,,,
avelumab,avelumab,1,BAVENCIO,,,
aztreonam,aztreonam,1,AZTREONAM (L-ARGININA),,,
"azul de metileno, asoc.",asoc. + azul de metileno,1,MICTASOL AZUL,,,
beclometasona,beclometasona,1,RINOSOL,,,
belinostat,belinostat,1,BELEODAQ,,,
belumosudil,belumosudil,1,REZUROCK,,,
belzutifán,belzutifan,1,WELIREG,,,
"benzalconio,cloruro, lidocaína",benzalconio + cloruro + lidocaina,1,PERVINOX ANESTESICO,,,
"benzocaína, permetrina, bencilbenzoato",bencilbenzoato + benzocaina + permetrina,1,KINDERVAL MAX LOCIÀN,,,
"bepotastina,besilato",bepotastina + besilato,1,PROBENIL,,,
berotralstat,berotralstat,1,ORLADEYO,,,
betametasona (acet.y fosf.diso depocort retard,betametasona (acet.y fosf.diso depocort retard,1,F.A.X 1 X,,,
betametasona (acet.y fosf.diso metamar retard,betametasona (acet.y fosf.diso metamar retard,1,F.A.X 1 X,,,
betametasona (acet.y fosf.diso cronodicasone,betametasona (acet.y fosf.diso cronodicasone,1,F.A.X 1 X,,,
betametasona (acet.y fosf.diso betacort,betametasona (acet.y fosf.diso betacort,1,INY.A.X 1 X,,,
betametasona (diprop.y f.disod depocort crono,betametasona (diprop.y f.disod depocort crono,1,F.A.X 1 X,,,
betametasona (diprop.y f.disod cronodicasone depot,betametasona (diprop.y f.disod cronodicasone depot,1,F.A.X 1 X,,,
betametasona (diprop.y f.disod cronocorteroid,betametasona (diprop.y f.disod cronocorteroid,1,INY.A.X 1 X,,,
betametasona (diprop.y f.disod cronobetacort,betametasona (diprop.y f.disod cronobetacort,1,SUSP.INY.F.A.X 1 X,,,
betametasona (fosfato disódico dicasone,betametasona (fosfato disodico dicasone,1,GTS.X,,,
betametasona (fosfato disódico novocort,betametasona (fosfato disodico novocort,1,GTS.X,,,
"betametasona, gentamic., miconciprocort",betametasona + gentamic. + miconciprocort,1,CR.X,,,
"betametasona, gentamic., miconblamy",betametasona + gentamic. + miconblamy,1,CR.X,,,
"betametasona, gentamic., micondepocort biotic",betametasona + gentamic. + micondepocort biotic,1,CR.X,,,
"betametasona, gentamic.",betametasona + gentamic.,1,,,,
"betametasona, gentamic., micontribiocort",betametasona + gentamic. + micontribiocort,1,CR.X,,,
"betametasona, gentamic., micongentasol crema",betametasona + gentamic. + micongentasol crema,1,CR.X,,,
"betametasona, gentamic., miconhifamonil crema",betametasona + gentamic. + miconhifamonil crema,1,CR.X,,,
"betametasona, gentamic., miconcuta",betametasona + gentamic. + miconcuta,1,CR.X,,,
"betametasona, gentamic., miconlazar cort complex",betametasona + gentamic. + miconlazar cort complex,1,CR.X,,,
"betametasona, gentamic., miconderma 3",betametasona + gentamic. + miconderma 3,1,CR.X,,,
"betametasona, gentamic., miconmacril",betametasona + gentamic. + miconmacril,1,CR.X,,,
"betametasona, gentamicina, asogentacort plus",asogentacort plus + betametasona + gentamicina,1,CR.DÉRM.X,,,
"betametasona, gentamicina, asovitacortil",asovitacortil + betametasona + gentamicina,1,CR.X,,,
"betametasona, gentamicina, asocalmurid",asocalmurid + betametasona + gentamicina,1,CR.X,,,
"betametasona, gentamicina, asoquadriderm",asoquadriderm + betametasona + gentamicina,1,CR.X,,,
"betametasona, gentamicina, asobacticort complex",asobacticort complex + betametasona + gentamicina,1,CR.X,,,
bexaroteno,bexaroteno,1,IMPILO,,,
"bifonazol, asoc.",asoc. + bifonazol,1,U¥A LIBRE DE HONGOS,,,
"bifonazol, difenhidramina",bifonazol + difenhidramina,1,PIECIDEX NF POLVO,,,
binimetinib,binimetinib,1,MEKTOVI,,,
bleomicina,bleomicina,1,BLEOMICINA SULFATO IMA,"clases en disputa: {'Oncológicos y Terapias Relacionadas: Antibióticos Antineoplásicos': 1, 'Oncológicos y Terapias Relacionadas: Citostáticos Antineoplásicos': 1}",,
blinatumomab,blinatumomab,1,BLINCYTO,,,
brinzolamida,brinzolamida,1,BRINZOTEN,"atc en disputa: {'S01EC04': 1, 'S01EC54': 1}",,
busereline,busereline,1,SUPREFACT DEPOT,,,
"butamirato,citrato",butamirato + citrato,1,TALASA NF,,,
calcitriol,calcitriol,1,CALCITRIOL MEGALABS,"atc en disputa: {'A11CC04': 3, 'A11CC05': 5}",,
"camilofina, dipirona",camilofina + dipirona,1,APASMO,,,
"carbocisteína, dextrometorfano supritos",carbocisteina + dextrometorfano supritos,1,JBE.X,,,
carbomer,carbomer,1,XICRIM,"clases en disputa: {'Oftálmicos: Lubricantes Soluciones de Limpieza': 2, 'Oftálmicos: Lubricantes': 1}",,
carbomer 974 p,carbomer 974 p,1,LATLAS,,,
"carbomer 974 p, asoc.",asoc. + carbomer 974 p,1,LATLAS FRESH,,,
"carboximetilcisteína, dextrome mucolitic antitusivo",carboximetilcisteina + dextrome mucolitic antitusivo,1,JBE.X,,,
carmustina,carmustina,1,BODACLER 100 MG,,,
"cáscara sagrada, asoc.",asoc. + cascara sagrada,1,NATULAX PLUS,,,
cefalotina,cefalotina,1,CEFALOTINA RICHET (SAL SO1000 MG,,,
ciclobenzaprina,ciclobenzaprina,1,MITRUL,,,
"cinarizina, dimenhidrinatoarlevert",cinarizina + dimenhidrinatoarlevert,1,COMP.X 30,,,
cinitaprida,cinitaprida,1,CINITRAL NF,,,
"ciprofloxacina, dexametasona",ciprofloxacina + dexametasona,1,PROCALM,"clases en disputa: {'Oftálmicos: Antiinfecciosos\nOftálmicos: Antiinflamatorios no Esteroides': 2, 'Oftálmicos: Antiinfecciosos\nOftálmicos: Antiinflamatorios Antialérgicos': 10, 'Otorrinolaringológicos: Productos de Uso Otico': 1, 'Oftálmicos: Antiinfecciosos\nOftálmicos: Corticoesteroides': 2}",,
citisiniclina,citisiniclina,1,TINAIR,,,
"clindamicina, benzoílo,peróxid cp acne duo multidosis",benzoilo + clindamicina + peroxid cp acne duo multidosis,1,GEL DOSIF. SIMULT. X,,,
"clindamicina, benzoílo,peróxid duo clindacin",benzoilo + clindamicina + peroxid duo clindacin,1,GEL X,,,
"clindamicina, benzoílo,peróxid peroxiclin duo",benzoilo + clindamicina + peroxid peroxiclin duo,1,GEL X,,,
"clindamicina, benzoílo,peróxid clidan b",benzoilo + clindamicina + peroxid clidan b,1,GEL X,,,
"clindamicina, benzoílo,peróxid clindacur uno",benzoilo + clindamicina + peroxid clindacur uno,1,GEL X,,,
"clindamicina, xylitol, niacina",clindamicina + niacina + xylitol,1,CLIDAN LOCION,,,
clorambucilo,clorambucilo,1,LEUKERAN,,,
clormetina,clormetina,1,LEDAGA,,,
clotiapina,clotiapina,1,ETUMINA,,,
"clotrimazol, betametasona",betametasona + clotrimazol,1,MICOSEP B,,,
"coaltar, asoc.",asoc. + coaltar,1,MENCOGRIN A.P.,,,
"coaltar, salicílico,ác.",ac. + coaltar + salicilico,1,OILSOR,,,
cobimetinib,cobimetinib,1,COTELLIC TABLETS 20 MG,,,
"codeína, asoc.",asoc. + codeina,1,CODELASA,,,
"coenzima q10, asoc.",asoc. + coenzima q10,1,MARATHON ANTIOXIDANTE,,,
cynara scolymus,cynara scolymus,1,CHOFITOL,,,
dantroleno,dantroleno,1,DANTROCRIS,,,
darolutamida,darolutamida,1,NUBEQA,,,
decitabine,decitabine,1,CRIBINA,,,
"decualinio,cloruro",cloruro + decualinio,1,ETHOPIL OVULOS,,,
desflurano,desflurano,1,SUPRANE BAXTER,,,
deucravacitinib,deucravacitinib,1,SOTYKTU,,,
"dexametasona, nafazolina, asocnexadron plus",asocnexadron plus + dexametasona + nafazolina,1,GTS.X,,,
"dexametasona, neomicina, asoc.neosona 5",asoc.neosona 5 + dexametasona + neomicina,1,GTS.OFT.X,,,
"dexametasona, neomicina, asoc.neosona 100",asoc.neosona 100 + dexametasona + neomicina,1,GTS.OFT.X,,,
"dexametasona, neomicina, asoc.",asoc. + dexametasona + neomicina,1,GRIPABEN NASAL,,,
"dexametasona, neomicina, asoc.polyplex",asoc.polyplex + dexametasona + neomicina,1,SUSP.OFT.X,,,
"dexpantenol, asoc.",asoc. + dexpantenol,1,ADERMITRIN,,,
"diclofenac potásico, paracetam rodinac gesic",diclofenac potasico + paracetam rodinac gesic,1,COMP.REC.X 10,,,
"diclofenac sódico, codeína",codeina + diclofenac sodico,1,NOVO KLOSIDOL E-3,,,
"diclofenac sódico, misoprostol",diclofenac sodico + misoprostol,1,OXAPROST 75,,,
"diclofenac sódico, tobramicina",diclofenac sodico + tobramicina,1,TOBRATLAS,,,
"diflorasona, econazol, gentami filoderma plus",diflorasona + econazol + gentami filoderma plus,1,CR.X,,,
"diflorasona, econazol, gentami griseocrem nf",diflorasona + econazol + gentami griseocrem nf,1,POMO X,,,
"dihidroxiprogesterona, estradi",dihidroxiprogesterona + estradi,1,ATRIMON,,,
"dimeglumina,gadopentetato",dimeglumina + gadopentetato,1,GOBBILINIO,,,
dnasa humana recombinante,dnasa humana recombinante,1,PULMOZYME (DNASA),,,
"domperidona, bromazepam, simet",bromazepam + domperidona + simet,1,FARADIL NOVO,,,
dostarlimab,dostarlimab,1,JEMPERLI,,,
"dtap, ipv, hep.b, hib",dtap + hep.b + hib + ipv,1,HEXAXIM,,,
"efavirenz, emtricitabina, teno",efavirenz + emtricitabina + teno,1,TIALSUR PLUS,,,
eletriptán,eletriptan,1,RELPAX,,,
elosulfase alfa,elosulfase alfa,1,VIMIZIM,,,
"emtricitabina, tenofovir alaf.",emtricitabina + tenofovir alaf.,1,TRI-ZEVUVIR,,,
"emtricitabina, tenofovir alafe",emtricitabina + tenofovir alafe,1,ICELEA,,,
"emtricitabina, tenofovirdisopr",emtricitabina + tenofovirdisopr,1,TENOFOVIR EMTRICITABINA S,,,
epinastina,epinastina,1,EPIOFTAL,"clases en disputa: {'Oftálmicos: Antialérgicos Antihistamínicos': 1, 'Oftálmicos: Antiinflamatorios Antialérgicos': 1}",,
"ergotamina, cafeína, asoc.",asoc. + cafeina + ergotamina,1,MIGRA DIOXADOL,,,
eribulina,eribulina,1,ELEFIX,,,
"estetrol, drospirenona isis nat",drospirenona isis nat + estetrol,1,COMP.REC.X 28,,,
"estetrol, drospirenona destelle",drospirenona destelle + estetrol,1,,,,
estradiol,estradiol,1,PROGYNOVA,,,
estreptomicina,estreptomicina,1,ESTREPTOMICINA RICHET TP,,,
estreptoquinasa,estreptoquinasa,1,STREPTOFACTOR,,,
estreptozocina,estreptozocina,1,ZANOSAR,,,
"estroncio,ranel., calcio, vit.",calcio + estroncio + ranel. + vit.,1,OSTEOVITAL PLUS,,,
evogliptina,evogliptina,1,SUGANON,,,
evolocumab,evolocumab,1,REPATHA,,,
"ext. seco de ruscus, hesperidina",ext. seco de ruscus + hesperidina,1,CONTRACTIL,,,
extracto de ajo,extracto de ajo,1,LIMPSOR,,,
faricimab,faricimab,1,VABYSMO,,,
febuxostat,febuxostat,1,FEBUXTAT,,,
"fenilefrina, asoc.",asoc. + fenilefrina,1,ALZATEN DISGRELENT,,,
filgrastim peguilado,filgrastim peguilado,1,PEG NEUTROPINE PA,,,
fluorometolona,fluorometolona,1,F M L LIQUIFILM,,,
"fluorometolona, asoc.",asoc. + fluorometolona,1,F M L NEO LIQUIFILM,,,
"fólico,ác., asoc.",ac. + asoc. + folico,1,FOLAPORT,,,
fosfolípidos,fosfolipidos,1,LIPOVENOS 20% MCT-LCT,,,
fosfomicina trometamol,fosfomicina trometamol,1,FOSFOLEA,,,
fostemsavir,fostemsavir,1,RUKOBIA,,,
fremanezumab-vfrm,fremanezumab-vfrm,1,AJOVY,,,
gammaglobulina antitetánica,gammaglobulina antitetanica,1,GAMMATET T,,,
"gentamicina, clotrimazol, beta",beta + clotrimazol + gentamicina,1,METAMAR PLUS,,,
"glecaprevir, pibrentasvir",glecaprevir + pibrentasvir,1,MAVIRET,,,
glicerilguayacólico éter,glicerilguayacolico eter,1,VICK 44 EXP,,,
"glicerina, asoc.",asoc. + glicerina,1,GOTA PC PLUS,,,
glicopirrolato,glicopirrolato,1,ACPAN,,,
glicopirronio,glicopirronio,1,SEEBRI BREEZHALER,,,
"glicopirronio, formoterol,fuma",formoterol + fuma + glicopirronio,1,BEVESPI AEROSPHERE,,,
glicoproteina e de virus de va,glicoproteina e de virus de va,1,SHINGRIX,,,
"haemophilus influenzae b, dpt, antipolio",antipolio + dpt + haemophilus influenzae b,1,PENTAXIM,,,
"haemophilus influenz.b, dpt, a infanrix hexa",a infanrix hexa + dpt + haemophilus influenz.b,1,PVO.,,,
"hesperidina, asoc.",asoc. + hesperidina,1,CONTRACTIL COMPRIMIDOS MA,,,
"hexilresorcinol, asoc.",asoc. + hexilresorcinol,1,MEDEX PASTILLAS,,,
"hialuronato sódico, asoc.",asoc. + hialuronato sodico,1,CRUZAL L 20,,,
"hialurónico,ác.",ac. + hialuronico,1,MAXIOSTENIL TENDON,,,
"hidrocortisona, asoc.",asoc. + hidrocortisona,1,HIPOGLOS CON HIDROCORTISO,,,
"hierbas, miel",hierbas + miel,1,EXPECTOSAN HIERBAS Y MIEL,,,
hierro carboximaltosa ferinject,hierro carboximaltosa ferinject,1,,,,
"hierro,fumarato",fumarato + hierro,1,HEMOFER 330,,,
"hierro, fólico,ác., asoc.",ac. + asoc. + folico + hierro,1,VITALIX COMPLEX,,,
"homatropina,metilbr., simetico",homatropina + metilbr. + simetico,1,FACTOR AG ANTIESPASMODICO,,,
"hydrocotyle bonaerensis, asoc. sisairos",asoc. sisairos + hydrocotyle bonaerensis,1,CR.POTE X,,,
"ibuprofeno, pseudoefedrina",ibuprofeno + pseudoefedrina,1,IBUNASTIZOL,,,
idursulfasa,idursulfasa,1,ELAPRASE,,,
inclisiran,inclisiran,1,SYBRAVA,,,
"indacaterol, glicopirronio",glicopirronio + indacaterol,1,ULTIBRO BREEZHALER,,,
indapamida,indapamida,1,INDAPAMIDA DUREMID,"clases en disputa: {'Aparato Circulatorio: Antihipertensivos': 2, 'Aparato Genito-Urinario: Diuréticos': 2}",,
indinavir,indinavir,1,FORLI,,,
indocianina verde,indocianina verde,1,VERDYE,,,
inhibidor c1-esterasa,inhibidor c1-esterasa,1,BERINERT SC 2000,,,
inmunocianina,inmunocianina,1,IMMUCOTHEL,,,
"inmunogl.humana, hialuronidasahyqvia 30g",hialuronidasahyqvia 30g + inmunogl.humana,1,IgG f.a.x,,,
insaponificables,insaponificables,1,CLEDIUM,,,
insulina aspártica bifásica,insulina aspartica bifasica,1,INSULINA NOVOMIX 30 FLEXP,,,
insulina detemir,insulina detemir,1,INSULINA LEVEMIR FLEXPEN,,,
insulina glulisina,insulina glulisina,1,INSULINA APIDRA SOLOSTAR100UI/ML,,,
iodixanol,iodixanol,1,VISIPAQUE,,,
iodo povacrylex,iodo povacrylex,1,PERVINOX CAMPO QUIRURGICO,,,
iptacopan,iptacopan,1,FABHALTA,,,
isoconazol,isoconazol,1,MUPATEN,,,
"isoefedrina, asoc.",asoc. + isoefedrina,1,NASTIZOL COMPOSITUM,,,
isoproterenol,isoproterenol,1,ISOPROTERENOL GRAY,,,
ixabepilona,ixabepilona,1,IXEMPRA,,,
ixazomib,ixazomib,1,ZOXANE,,,
ixekizumab,ixekizumab,1,TALTZ,,,
"ketoconazol, asoc.",asoc. + ketoconazol,1,TIKL CHAMPU ANTICASPA,,,
"ketoconazol, hidrocort., genta",genta + hidrocort. + ketoconazol,1,MICOZOL COMPUESTO,,,
ketotifeno,ketotifeno,1,COLTIX ALERX,"atc en disputa: {'S01GX08': 4, 'R06AX17': 2} | clases en disputa: {'Oftálmicos: Antiinflamatorios Antialérgicos': 3, 'Oftálmicos: Antialérgicos Antihistamínicos': 1, 'Aparato Respiratorio: Antialérgicos Antihistamínicos\nAparato Respiratorio: Broncodilatadores Antiasmáticos': 2}",,
"levonorgestrel, estradiol",estradiol + levonorgestrel,1,CICLOCUR,,,
levosimendan,levosimendan,1,LEVOSIMENDAN RICHET LIOFI2.5 MG/ML,,,
"loteprednol,etabonato",etabonato + loteprednol,1,LOTEOFTAL,,,
lumateperona,lumateperona,1,NEURONOVO,,,
lurbinectedina,lurbinectedina,1,ZEPZELCA,,,
luspatercept,luspatercept,1,REBLOZYL,,,
maca (lipidium periuvianum),maca (lipidium periuvianum),1,GENERNIGHT,,,
"magnesio, ginseng, asoc.",asoc. + ginseng + magnesio,1,TOTAL MAGNESIANO GINSENG,,,
"meclizina,clorhidrato",clorhidrato + meclizina,1,ZENELIS MAREOS,,,
mefloquina,mefloquina,1,TROPICUR,,,
megestrol,megestrol,1,VARIGESTROL,,,
"mentol, alcanfor, asoc.",alcanfor + asoc. + mentol,1,VICK VAPORUB,,,
metirapona,metirapona,1,METOPIRONE,,,
"metoclopramida, asoc.",asoc. + metoclopramida,1,BITECAIN A.A.,,,
"metoclopramida, pancreatina, a",a + metoclopramida + pancreatina,1,BIL 13 ENZIMATICO,,,
"miconazol,nitr., óx.de zinc",miconazol + nitr. + ox.de zinc,1,HIPOGLOS MICO,,,
midodrine,midodrine,1,GUTRON,,,
mifamurtida,mifamurtida,1,MEPACT,,,
"mifepristona, misoprostol",mifepristona + misoprostol,1,MIFEP KIT,,,
milrinona,milrinona,1,MILRINONA BIOL,,,
mirvetuximab soravtansina,mirvetuximab soravtansina,1,ELAHERE,,,
mitotano,mitotano,1,LYSODREN,,,
mosunetuzumab,mosunetuzumab,1,LUNSUMIO,,,
"moxifloxacina, dexametasona clvigadexa",dexametasona clvigadexa + moxifloxacina,1,SOL.OFT.X,,,
"moxifloxacina, dexametasona fomoflag d",dexametasona fomoflag d + moxifloxacina,1,COLIRO X,,,
"moxifloxacina, dexametasona foquinomed dx",dexametasona foquinomed dx + moxifloxacina,1,SOL.OFT.X,,,
nafarelina,nafarelina,1,SYNRELIN,,,
"nafazolina, cromoglicato disód rinogel",cromoglicato disod rinogel + nafazolina,1,GEL NASAL X,,,
nandrolona,nandrolona,1,DECA-DURABOLIN,,,
neomicina,neomicina,1,NEOTRIL,,,
"netupitant, palonosetrón",netupitant + palonosetron,1,AKYNZEO,,,
nitroglicerina,nitroglicerina,1,NITRODOM,"atc en disputa: {'C01DA': 1, 'C01DA52': 1}",,
"nivolumab, relatlimab",nivolumab + relatlimab,1,OPDUALAG,,,
"nomegestrol,acetato, estradiol nomegestrol acetato",acetato + estradiol nomegestrol acetato + nomegestrol,1,ESTRA,,,
"nomegestrol acetato, estradiol",estradiol + nomegestrol acetato,1,FEMALVI,,,
noradrenalina,noradrenalina,1,NOREPINEFRINA GRAY,,,
noretisterona,noretisterona,1,PRIMOLUT NOR,,,
nusinersen,nusinersen,1,LIGONUX,,,
ofatumumab,ofatumumab,1,KESIMPTA,,,
"omeprazol, asoc.",asoc. + omeprazol,1,TREG,,,
paclitaxel alb£mina,paclitaxel alb£mina,1,TAYCOVIT A,,,
"pancuronio,bromuro",bromuro + pancuronio,1,BEMICIN,,,
panitumumab,panitumumab,1,VECTIBIX,,,
pantoprazol magnesico,pantoprazol magnesico,1,TECTA,"atc en disputa: {'A02BC': 2, 'A02BC02': 3} | clases en disputa: {'Aparato Digestivo: Antiulcerosos': 3, 'Aparato Digestivo: Antiácidos': 2}",,
"peg 3350, bisacodilo",bisacodilo + peg 3350,1,BAREX KIT,,,
pegcetacoplan,pegcetacoplan,1,EMPAVELI,,,
pentamidina,pentamidina,1,PENTAMIDINA LUAR,,,
"piroxicam, carisoprodol",carisoprodol + piroxicam,1,FLEXICAMIN,,,
"piroxicam, vit.b12",piroxicam + vit.b12,1,BUTA RUT B12,,,
"plántago ovata, cassia angusti agiolax",cassia angusti agiolax + plantago ovata,1,ENV.X,,,
"polietilenglicol, propilenglic",polietilenglicol + propilenglic,1,SYSTANE GEL EN GOTAS,,,
polisacáridos meningocócicos a-c-y-w135,polisacaridos meningococicos a-c-y-w135,1,MENQUADFI,,,
polisacáridos de streptococcus pneumoniae,polisacaridos de streptococcus pneumoniae,1,VAXNEUVANCE,,,
polisacáridos de s.pneumoniae prevenar 20,polisacaridos de s.pneumoniae prevenar 20,1,JGA.PRELL.X 1 X,,,
"polisacaridosulf£rico,ác.(éste",ac.(este + polisacaridosulf£rico,1,PERGALEN NF,,,
pralatrexato,pralatrexato,1,EPIXTIE,,,
"pramoxina, fenilefrina, asoc.",asoc. + fenilefrina + pramoxina,1,CONTRACTIL F,,,
"prasterona, procaína, asoc.",asoc. + prasterona + procaina,1,LONGEVITAL,,,
praziquantel,praziquantel,1,PRAZITRAL,,,
"prednisolona acetato, fenilefr",fenilefr + prednisolona acetato,1,FENIPRED ACETATO,,,
"prednisolona, cloramfenicol",cloramfenicol + prednisolona,1,ESODAR,,,
primidona,primidona,1,MYSODONE,,,
"propinox, dipirona",dipirona + propinox,1,APASMO COMPUESTO,,,
"propranolol,clorh.",clorh. + propranolol,1,PROPADER,,,
"pseudoefedrina, asoc.",asoc. + pseudoefedrina,1,NASTIZOL,,,
psidium guajava,psidium guajava,1,QG5,,,
"quinidina,sulfato",quinidina + sulfato,1,QUINIDINA,,,
rasburicasa,rasburicasa,1,FASTURTEC,,,
rebamipida,rebamipida,1,MUXIN,,,
"ribosomas, proteoglicanos",proteoglicanos + ribosomas,1,SUMMAVAC R,,,
"rifampicina, isoniacida",isoniacida + rifampicina,1,RIFALEP PLUS,,,
rilpivirina,rilpivirina,1,REKAMBYS,,,
risdiplam,risdiplam,1,EVRYSDI,,,
"risedronato, calcio carbonato, vitamina d",calcio carbonato + risedronato + vitamina d,1,RIBASTAMIN 150 DUO,,,
ritonavir,ritonavir,1,RITONAVIR,,,
romiplostim,romiplostim,1,NPLATE,,,
romosozumab,romosozumab,1,EVENITY,,,
ropeginterferón alfa-2bbesremi,ropeginterferon alfa-2bbesremi,1,,,,
"rosuvastatina, fenofibrato",fenofibrato + rosuvastatina,1,NODIS FENO 10/200,,,
"ruibarbo,extr., salicílico,ác.",ac. + extr. + ruibarbo + salicilico,1,ORALSONE TOPIC,,,
sacituzumab govitecán,sacituzumab govitecan,1,TRODELVY,,,
"salicílico,ác., glicólico,ác.",ac. + glicolico + salicilico,1,ASEPXIA ADAPALENO,,,
satralizumab,satralizumab,1,ENSPRYNG,,,
selenio,selenio,1,SELENASE T,,,
"sodio,acexamato, cetrimida",acexamato + cetrimida + sodio,1,MERTHIOLATE CICATRIZANTE,,,
"sodio acexamato, cetrimonio bromuro",cetrimonio bromuro + sodio acexamato,1,BAGODERM VL,,,
"sodio,carbonato",carbonato + sodio,1,OTOCLEAN GOTAS OTICAS,,,
"sodio,cloruro, carragenina",carragenina + cloruro + sodio,1,NASITRAL,,,
"sodio,dioctilsulfosuccinato",dioctilsulfosuccinato + sodio,1,CERUMEX,,,
"sodio,fusidato",fusidato + sodio,1,ACIFUSIN,,,
"sodio,picosulfato, asoc.",asoc. + picosulfato + sodio,1,NOVOPREP,,,
"sodio,sulfato anhidro, asoc.",asoc. + sodio + sulfato anhidro,1,SULFODOM,,,
"sodio,valproato",sodio + valproato,1,PROVAL,,,
"solifenacina, tamsulosina",solifenacina + tamsulosina,1,ESPONTAL MAX,"clases en disputa: {'Aparato Genito-Urinario: Terapéutica Prostática': 1, 'Aparato Genito-Urinario: Terapéutica Prostática\nAparato Genito-Urinario: Tratamiento de la Cistitis Intersticial': 1, 'Aparato Genito-Urinario: Antiespasmódicos Antiinflamatorios': 1}",,
sotorasib,sotorasib,1,LUMAKRAS,,,
suero antitimocitario,suero antitimocitario,1,TIMOGLOBULINA,,,
"sulfacetamida sódica, asoc.",asoc. + sulfacetamida sodica,1,DERMASEB,,,
sulfadiazina,sulfadiazina,1,SULFADIAZINA VANNIER,,,
sulfadiazina de plata,sulfadiazina de plata,1,SULFATRAL,,,
tafamidis,tafamidis,1,TALNIF,,,
tafasitamab,tafasitamab,1,MINJUVI,,,
tafluprost,tafluprost,1,SAFLUTAN,,,
"tamsulosina, tadalafilo momentum plus",tadalafilo momentum plus + tamsulosina,1,CÁPS. X 30,,,
teduglutida,teduglutida,1,REVESTIVE,,,
teofilina anhidra,teofilina anhidra,1,DRILYNA,,,
tepotinib,tepotinib,1,TEPMETKO,,,
tetraciclina,tetraciclina,1,CICLOTETRYL 500,,,
"tetraciclina, metronidazol, bi",bi + metronidazol + tetraciclina,1,TRYLORI,,,
"tetrapéptidos, asoc.",asoc. + tetrapeptidos,1,COLTIX ADVANCE COLIRIO,,,
timomodulina,timomodulina,1,LEUCOTROFINA,,,
"tiocol, asoc.",asoc. + tiocol,1,PECTOBRON,,,
tioguanina,tioguanina,1,LANVIS,,,
"tiotropio, olodaterol",olodaterol + tiotropio,1,SPIOLTO RESPIMAT,,,
"tirotricina, asoc.",asoc. + tirotricina,1,ORALSONE C,,,
"tirotricina, benzocaína, asoc.",asoc. + benzocaina + tirotricina,1,FANALETAS CARAMELOS (VENT,,,
"tobramicina, dexametasona, asogotabiotic d",asogotabiotic d + dexametasona + tobramicina,1,COLIRIO X,,,
"tobramicina, dexametasona, asot+d+h dorf",asot+d+h dorf + dexametasona + tobramicina,1,SOL.OFT.X,,,
"toxoide tetánico, diftérico",difterico + toxoide tetanico,1,DITE (EX VACUNA DOBLE ADUA.X 1 X,,,
trastuzumab deruxtecan,trastuzumab deruxtecan,1,ENHERTU,,,
"trehalosa, caboximetilcelulosa",caboximetilcelulosa + trehalosa,1,AUCIC PLUS LC,,,
trifaroteno,trifaroteno,1,AKLIEF,,,
"trimebutina, domperidona, sime",domperidona + sime + trimebutina,1,COLIXANE DISTEN,,,
trióxido arsénico,trioxido arsenico,1,VARITRINOX,,,
troxerrutina,troxerrutina,1,GOICOECHEA FLEBO,,,
"ulipristal,acetato",acetato + ulipristal,1,EFECTIVAL,,,
umeclidinio,umeclidinio,1,INCRUSE ELLIPTA,,,
"umeclidinio, vilanterol",umeclidinio + vilanterol,1,ANORO ELLIPTA,,,
"undecilénico,ác., asoc.",ac. + asoc. + undecilenico,1,SINAMIDA PIES ANTIMICOTIC,,,
vacuna antipoliomielítica triv,vacuna antipoliomielitica triv,1,VACUNA INACT.CONTRA POLIO,,,
vacuna antirrábica,vacuna antirrabica,1,VERORAB,,,
vacuna antitifoidea,vacuna antitifoidea,1,TYPHIM VI,,,
"vacuna dpt, antipoliomielítica",antipoliomielitica + vacuna dpt,1,TETRAXIM,,,
valeriana,valeriana,1,VALERIANA,,,
"valproico,ác.",ac. + valproico,1,EXIBRAL,,,
"vecuronio,brom.",brom. + vecuronio,1,VECURONIO GRAY,,,
velaglucerasa alfa,velaglucerasa alfa,1,VPRIV,,,
vinblastina,vinblastina,1,VINBLASTINA KEMEX,,,
virus atenuados fiebre amarill,virus atenuados fiebre amarill,1,STAMARIL,,,
"virus sarampión, papera, rubéo proquad",papera + rubeo proquad + virus sarampion,1,VIAL,,,
"vit.a, asoc.",asoc. + vit.a,1,CICATRICURE REPARACION EP,,,
"vit.a, triamcinolona",triamcinolona + vit.a,1,BAGOVIT A PLUS,,,
"vit.a, vit.d, asoc.",asoc. + vit.a + vit.d,1,ADEROGYL,,,
"vit.b,complejo, asoc.",asoc. + complejo + vit.b,1,BAGO B6 B12 FOLICO,,,
vit.b1,vit.b1,1,TIAMINA 300,,,
"vit.b1 b6 b12, ác.tióctico",ac.tioctico + vit.b1 b6 b12,1,BAGO B1 B6 B12 DETOX,,,
"vit.d, zinc,óx., bórico,ác.",ac. + borico + ox. + vit.d + zinc,1,DR.SELBY,,,
vit.k1,vit.k1,1,KONAKION MM,,,
